Temps	DÃ©placement	Force
(s)	(mm)	(kN)
0	0,0167	0,2007
0,1	0,0169	0,1999
0,2	0,0178	0,2106
0,3	0,0204	0,2476
0,4	0,0225	0,2718
0,5	0,0243	0,2907
0,6	0,026	0,3083
0,7	0,0277	0,3267
0,8	0,0293	0,3431
0,9	0,0309	0,3594
1	0,0325	0,3773
1,1	0,0344	0,3973
1,2	0,036	0,4135
1,3	0,0377	0,4302
1,4	0,0393	0,4459
1,5	0,0409	0,461
1,6	0,0425	0,4777
1,7	0,0443	0,496
1,8	0,046	0,5117
1,9	0,0477	0,5275
2	0,0493	0,5423
2,1	0,051	0,558
2,2	0,0525	0,5707
2,3	0,0543	0,586
2,4	0,056	0,6006
2,5	0,0577	0,6145
2,6	0,0593	0,6278
2,7	0,061	0,6416
2,8	0,0626	0,6547
2,9	0,0642	0,6675
3	0,0659	0,6827
3,1	0,0677	0,6963
3,2	0,0693	0,7099
3,3	0,071	0,7222
3,4	0,0726	0,734
3,5	0,0742	0,746
3,6	0,076	0,7597
3,7	0,0777	0,7732
3,8	0,0794	0,7851
3,9	0,081	0,7977
4	0,0826	0,8087
4,1	0,0842	0,8193
4,2	0,0859	0,8309
4,3	0,0877	0,8433
4,4	0,0893	0,854
4,5	0,091	0,8642
4,6	0,0927	0,8749
4,7	0,0943	0,8857
4,8	0,0959	0,8942
4,9	0,0976	0,9062
5	0,0993	0,9168
5,1	0,101	0,9265
5,2	0,1027	0,9366
5,3	0,1043	0,946
5,4	0,1059	0,9545
5,5	0,1075	0,9631
5,6	0,1094	0,9749
5,7	0,111	0,9832
5,8	0,1127	0,9919
5,9	0,1143	1,0007
6	0,1159	1,0085
6,1	0,1175	1,0169
6,2	0,1193	1,0276
6,3	0,121	1,0369
6,4	0,1227	1,0444
6,5	0,1243	1,0526
6,6	0,126	1,061
6,7	0,1276	1,069
6,8	0,1292	1,0765
6,9	0,131	1,0874
7	0,1327	1,0946
7,1	0,1343	1,1041
7,2	0,136	1,1113
7,3	0,1376	1,1183
7,4	0,1392	1,1257
7,5	0,1409	1,1352
7,6	0,1426	1,1431
7,7	0,1443	1,1509
7,8	0,146	1,1591
7,9	0,1476	1,1668
8	0,1492	1,1733
8,1	0,1509	1,1815
8,2	0,1527	1,1907
8,3	0,1544	1,1971
8,4	0,156	1,2047
8,5	0,1577	1,2134
8,6	0,1592	1,2194
8,7	0,1609	1,2267
8,8	0,1627	1,2363
8,9	0,1644	1,2435
9	0,166	1,2506
9,1	0,1677	1,2572
9,2	0,1693	1,2643
9,3	0,1709	1,2705
9,4	0,1726	1,2798
9,5	0,1744	1,2884
9,6	0,176	1,2954
9,7	0,1777	1,3029
9,8	0,1794	1,3102
9,9	0,1809	1,3162
10	0,1825	1,3228
10,1	0,1843	1,3323
10,2	0,186	1,3404
10,3	0,1877	1,3487
10,4	0,1894	1,3547
10,5	0,1909	1,361
10,6	0,1925	1,3667
10,7	0,1943	1,3759
10,8	0,196	1,3834
10,9	0,1977	1,3901
11	0,1993	1,3977
11,1	0,201	1,4036
11,2	0,2025	1,4098
11,3	0,2042	1,4179
11,4	0,2061	1,4268
11,5	0,2077	1,432
11,6	0,2093	1,4384
11,7	0,2109	1,4455
11,8	0,2125	1,4516
11,9	0,2142	1,459
12	0,216	1,4679
12,1	0,2177	1,4742
12,2	0,2194	1,4809
12,3	0,221	1,4877
12,4	0,2227	1,4934
12,5	0,2242	1,5003
12,6	0,2259	1,5065
12,7	0,2276	1,5141
12,8	0,2294	1,5206
12,9	0,231	1,5269
13	0,2327	1,5323
13,1	0,2342	1,5372
13,2	0,2358	1,5431
13,3	0,2376	1,5525
13,4	0,2394	1,5604
13,5	0,241	1,5644
13,6	0,2427	1,5708
13,7	0,2443	1,5766
13,8	0,2459	1,5818
13,9	0,2476	1,5896
14	0,2494	1,5978
14,1	0,251	1,6027
14,2	0,2526	1,6094
14,3	0,2543	1,6162
14,4	0,2559	1,6207
14,5	0,2575	1,6275
14,6	0,2593	1,6354
14,7	0,261	1,6413
14,8	0,2627	1,6477
14,9	0,2644	1,655
15	0,266	1,6606
15,1	0,2675	1,6656
15,2	0,2692	1,6734
15,3	0,271	1,6816
15,4	0,2727	1,6869
15,5	0,2743	1,6919
15,6	0,276	1,6986
15,7	0,2776	1,7035
15,8	0,2792	1,7099
15,9	0,281	1,7178
16	0,2827	1,7249
16,1	0,2843	1,73
16,2	0,2859	1,7356
16,3	0,2875	1,7411
16,4	0,2892	1,7473
16,5	0,291	1,755
16,6	0,2928	1,7621
16,7	0,2943	1,7673
16,8	0,296	1,773
16,9	0,2977	1,7801
17	0,2993	1,7854
17,1	0,3009	1,791
17,2	0,3027	1,7982
17,3	0,3043	1,8039
17,4	0,306	1,8098
17,5	0,3077	1,8161
17,6	0,3093	1,8215
17,7	0,3109	1,8277
17,8	0,3126	1,8343
17,9	0,3144	1,8415
18	0,3161	1,8477
18,1	0,3177	1,8532
18,2	0,3193	1,858
18,3	0,3209	1,8639
18,4	0,3226	1,8698
18,5	0,3244	1,8775
18,6	0,326	1,8828
18,7	0,3277	1,8892
18,8	0,3293	1,8946
18,9	0,3308	1,8995
19	0,3325	1,9063
19,1	0,3343	1,9137
19,2	0,336	1,9197
19,3	0,3377	1,925
19,4	0,3393	1,9314
19,5	0,341	1,9365
19,6	0,3426	1,9425
19,7	0,3443	1,9484
19,8	0,346	1,9554
19,9	0,3477	1,9617
20	0,3493	1,9669
20,1	0,351	1,9735
20,2	0,3526	1,9782
20,3	0,3542	1,9836
20,4	0,356	1,9916
20,5	0,3577	1,997
20,6	0,3594	2,0028
20,7	0,361	2,0087
20,8	0,3626	2,0138
20,9	0,3642	2,0191
21	0,366	2,0273
21,1	0,3677	2,0339
21,2	0,3694	2,038
21,3	0,371	2,0431
21,4	0,3727	2,0482
21,5	0,3742	2,0531
21,6	0,3759	2,0593
21,7	0,3777	2,0673
21,8	0,3793	2,073
21,9	0,381	2,0784
22	0,3827	2,0843
22,1	0,3843	2,0889
22,2	0,3859	2,0929
22,3	0,3876	2,1004
22,4	0,3893	2,1056
22,5	0,391	2,1115
22,6	0,3927	2,1179
22,7	0,3943	2,1224
22,8	0,3959	2,127
22,9	0,3975	2,1332
23	0,3993	2,1402
23,1	0,401	2,1451
23,2	0,4027	2,1493
23,3	0,4043	2,1554
23,4	0,4059	2,1591
23,5	0,4075	2,1654
23,6	0,4093	2,1737
23,7	0,4111	2,1798
23,8	0,4127	2,1836
23,9	0,4143	2,1891
24	0,4159	2,1942
24,1	0,4175	2,199
24,2	0,4193	2,2045
24,3	0,421	2,2115
24,4	0,4227	2,2173
24,5	0,4243	2,2222
24,6	0,426	2,228
24,7	0,4276	2,2325
24,8	0,4292	2,2376
24,9	0,431	2,2452
25	0,4327	2,2499
25,1	0,4344	2,256
25,2	0,436	2,2613
25,3	0,4377	2,2663
25,4	0,4392	2,2714
25,5	0,4409	2,2774
25,6	0,4427	2,2845
25,7	0,4444	2,2896
25,8	0,446	2,2937
25,9	0,4476	2,2984
26	0,4492	2,3036
26,1	0,4509	2,3093
26,2	0,4527	2,3171
26,3	0,4544	2,3225
26,4	0,456	2,3274
26,5	0,4577	2,3325
26,6	0,4593	2,3376
26,7	0,4609	2,3428
26,8	0,4626	2,3487
26,9	0,4643	2,3551
27	0,466	2,3603
27,1	0,4677	2,3659
27,2	0,4693	2,3703
27,3	0,4709	2,3748
27,4	0,4725	2,3809
27,5	0,4743	2,3866
27,6	0,4759	2,3916
27,7	0,4777	2,3967
27,8	0,4793	2,4028
27,9	0,4809	2,4067
28	0,4825	2,4113
28,1	0,4843	2,4188
28,2	0,4861	2,425
28,3	0,4877	2,4292
28,4	0,4894	2,4345
28,5	0,491	2,4388
28,6	0,4925	2,443
28,7	0,4942	2,449
28,8	0,496	2,4568
28,9	0,4977	2,4618
29	0,4993	2,4659
29,1	0,501	2,4721
29,2	0,5026	2,4766
29,3	0,5042	2,4817
29,4	0,506	2,4878
29,5	0,5077	2,4939
29,6	0,5094	2,4997
29,7	0,511	2,5042
29,8	0,5127	2,5094
29,9	0,5143	2,5138
30	0,5159	2,5189
30,1	0,5176	2,5245
30,2	0,5193	2,5303
30,3	0,521	2,536
30,4	0,5227	2,5414
30,5	0,5242	2,5455
30,6	0,5258	2,5493
30,7	0,5276	2,5569
30,8	0,5294	2,5624
30,9	0,531	2,5669
31	0,5327	2,5712
31,1	0,5343	2,5751
31,2	0,5358	2,58
31,3	0,5376	2,5868
31,4	0,5394	2,5937
31,5	0,541	2,5974
31,6	0,5426	2,6021
31,7	0,5443	2,607
31,8	0,5459	2,6116
31,9	0,5475	2,6167
32	0,5493	2,6235
32,1	0,551	2,6297
32,2	0,5527	2,6334
32,3	0,5544	2,6392
32,4	0,556	2,6432
32,5	0,5576	2,6473
32,6	0,5592	2,6532
32,7	0,561	2,6595
32,8	0,5627	2,6645
32,9	0,5643	2,6683
33	0,566	2,6741
33,1	0,5675	2,6779
33,2	0,5692	2,683
33,3	0,571	2,6906
33,4	0,5727	2,6956
33,5	0,5743	2,6995
33,6	0,576	2,7048
33,7	0,5776	2,7092
33,8	0,5792	2,7137
33,9	0,581	2,7212
34	0,5827	2,7266
34,1	0,5843	2,7305
34,2	0,586	2,7355
34,3	0,5877	2,741
34,4	0,5893	2,7455
34,5	0,5909	2,7501
34,6	0,5926	2,7563
34,7	0,5943	2,7615
34,8	0,596	2,7664
34,9	0,5977	2,7707
35	0,5993	2,7757
35,1	0,6009	2,7804
35,2	0,6026	2,787
35,3	0,6044	2,7927
35,4	0,606	2,7982
35,5	0,6077	2,8024
35,6	0,6093	2,807
35,7	0,6109	2,8108
35,8	0,6126	2,8163
35,9	0,6144	2,8227
36	0,616	2,8262
36,1	0,6177	2,8321
36,2	0,6193	2,8371
36,3	0,6209	2,8417
36,4	0,6225	2,8464
36,5	0,6243	2,854
36,6	0,626	2,8585
36,7	0,6277	2,863
36,8	0,6293	2,8681
36,9	0,631	2,8727
37	0,6326	2,8775
37,1	0,6343	2,8835
37,2	0,636	2,8894
37,3	0,6377	2,8949
37,4	0,6393	2,8992
37,5	0,641	2,9045
37,6	0,6426	2,9081
37,7	0,6442	2,9135
37,8	0,646	2,9201
37,9	0,6477	2,925
38	0,6494	2,929
38,1	0,651	2,9353
38,2	0,6526	2,9391
38,3	0,6542	2,9434
38,4	0,656	2,9497
38,5	0,6577	2,956
38,6	0,6594	2,9598
38,7	0,661	2,9648
38,8	0,6626	2,969
38,9	0,6642	2,9725
39	0,6659	2,9781
39,1	0,6677	2,9859
39,2	0,6694	2,9904
39,3	0,671	2,9946
39,4	0,6727	2,9998
39,5	0,6743	3,0039
39,6	0,6759	3,0085
39,7	0,6776	3,0141
39,8	0,6793	3,0187
39,9	0,681	3,0237
40	0,6827	3,0277
40,1	0,6843	3,0325
40,2	0,6859	3,0368
40,3	0,6875	3,0413
40,4	0,6893	3,0489
40,5	0,691	3,0532
40,6	0,6927	3,0564
40,7	0,6943	3,0607
40,8	0,696	3,064
40,9	0,6975	3,0686
41	0,6993	3,0757
41,1	0,7011	3,0814
41,2	0,7027	3,0855
41,3	0,7043	3,089
41,4	0,706	3,0938
41,5	0,7076	3,0967
41,6	0,7092	3,101
41,7	0,711	3,1081
41,8	0,7126	3,1121
41,9	0,7143	3,1165
42	0,716	3,1218
42,1	0,7176	3,1267
42,2	0,7192	3,1302
42,3	0,7209	3,1351
42,4	0,7227	3,1399
42,5	0,7244	3,1451
42,6	0,726	3,1503
42,7	0,7277	3,1552
42,8	0,7293	3,1585
42,9	0,7309	3,1638
43	0,7327	3,1701
43,1	0,7344	3,1747
43,2	0,736	3,1787
43,3	0,7377	3,1835
43,4	0,7393	3,1878
43,5	0,7408	3,1924
43,6	0,7426	3,1984
43,7	0,7444	3,2042
43,8	0,7461	3,2079
43,9	0,7477	3,2123
44	0,7493	3,2169
44,1	0,7509	3,2214
44,2	0,7526	3,2265
44,3	0,7544	3,2338
44,4	0,756	3,2376
44,5	0,7577	3,2423
44,6	0,7594	3,2467
44,7	0,7609	3,2502
44,8	0,7625	3,2545
44,9	0,7643	3,2612
45	0,766	3,2662
45,1	0,7677	3,2715
45,2	0,7694	3,2765
45,3	0,771	3,2805
45,4	0,7725	3,2836
45,5	0,7742	3,289
45,6	0,776	3,295
45,7	0,7777	3,2995
45,8	0,7794	3,3042
45,9	0,781	3,3092
46	0,7826	3,3125
46,1	0,7842	3,3174
46,2	0,786	3,325
46,3	0,7877	3,3291
46,4	0,7893	3,3322
46,5	0,791	3,3377
46,6	0,7926	3,3427
46,7	0,7942	3,3469
46,8	0,7959	3,3528
46,9	0,7977	3,3583
47	0,7994	3,3627
47,1	0,801	3,3672
47,2	0,8027	3,3723
47,3	0,8043	3,3765
47,4	0,8059	3,3812
47,5	0,8076	3,3866
47,6	0,8093	3,3921
47,7	0,811	3,3975
47,8	0,8127	3,4027
47,9	0,8143	3,4061
48	0,8159	3,4105
48,1	0,8176	3,4163
48,2	0,8194	3,4235
48,3	0,8211	3,4269
48,4	0,8227	3,4314
48,5	0,8243	3,4358
48,6	0,8259	3,4398
48,7	0,8275	3,4442
48,8	0,8294	3,4515
48,9	0,831	3,4561
49	0,8326	3,46
49,1	0,8343	3,465
49,2	0,8359	3,4699
49,3	0,8375	3,4739
49,4	0,8393	3,4805
49,5	0,841	3,4865
49,6	0,8427	3,4897
49,7	0,8444	3,4944
49,8	0,846	3,4994
49,9	0,8476	3,5031
50	0,8492	3,5077
50,1	0,851	3,5154
50,2	0,8527	3,5201
50,3	0,8543	3,5246
50,4	0,856	3,5293
50,5	0,8576	3,5328
50,6	0,8592	3,5375
50,7	0,8609	3,5448
50,8	0,8627	3,5503
50,9	0,8644	3,5542
51	0,866	3,5592
51,1	0,8677	3,5642
51,2	0,8692	3,5682
51,3	0,8709	3,5741
51,4	0,8727	3,5815
51,5	0,8744	3,5847
51,6	0,876	3,5884
51,7	0,8777	3,5939
51,8	0,8793	3,5981
51,9	0,8808	3,6026
52	0,8826	3,6102
52,1	0,8843	3,6146
52,2	0,886	3,6195
52,3	0,8877	3,6251
52,4	0,8893	3,6296
52,5	0,8909	3,6345
52,6	0,8926	3,6383
52,7	0,8943	3,6443
52,8	0,896	3,6496
52,9	0,8977	3,6542
53	0,8993	3,6591
53,1	0,9009	3,6631
53,2	0,9025	3,6682
53,3	0,9043	3,6751
53,4	0,906	3,6796
53,5	0,9077	3,684
53,6	0,9093	3,6884
53,7	0,9109	3,6929
53,8	0,9125	3,6956
53,9	0,9143	3,7027
54	0,9161	3,7099
54,1	0,9177	3,7138
54,2	0,9193	3,7186
54,3	0,921	3,7229
54,4	0,9226	3,7272
54,5	0,9242	3,7317
54,6	0,926	3,7378
54,7	0,9276	3,7427
54,8	0,9293	3,7478
54,9	0,931	3,7527
55	0,9326	3,7585
55,1	0,9342	3,762
55,2	0,9359	3,7677
55,3	0,9377	3,7749
55,4	0,9394	3,7789
55,5	0,941	3,7829
55,6	0,9427	3,7887
55,7	0,9443	3,7928
55,8	0,9459	3,7978
55,9	0,9477	3,805
56	0,9494	3,8097
56,1	0,951	3,8141
56,2	0,9527	3,8193
56,3	0,9543	3,8233
56,4	0,9559	3,8277
56,5	0,9576	3,8351
56,6	0,9594	3,8413
56,7	0,961	3,8455
56,8	0,9627	3,8512
56,9	0,9644	3,8567
57	0,9659	3,8604
57,1	0,9676	3,865
57,2	0,9693	3,8713
57,3	0,971	3,8767
57,4	0,9727	3,8818
57,5	0,9744	3,8864
57,6	0,976	3,8921
57,7	0,9775	3,8961
57,8	0,9792	3,9031
57,9	0,981	3,9096
58	0,9827	3,9146
58,1	0,9843	3,919
58,2	0,986	3,9239
58,3	0,9876	3,9277
58,4	0,9892	3,934
58,5	0,991	3,9414
58,6	0,9927	3,9465
58,7	0,9943	3,9508
58,8	0,996	3,9559
58,9	0,9976	3,9591
59	0,9992	3,9637
59,1	1,0009	3,971
59,2	1,0027	3,9762
59,3	1,0043	3,9828
59,4	1,006	3,9879
59,5	1,0077	3,9923
59,6	1,0092	3,9968
59,7	1,0109	4,0023
59,8	1,0127	4,0086
59,9	1,0143	4,0127
60	1,016	4,0183
60,1	1,0177	4,0239
60,2	1,0193	4,028
60,3	1,0209	4,0321
60,4	1,0226	4,0393
60,5	1,0243	4,0445
60,6	1,026	4,0493
60,7	1,0277	4,054
60,8	1,0293	4,0578
60,9	1,0308	4,0627
61	1,0326	4,0697
61,1	1,0344	4,0761
61,2	1,036	4,0804
61,3	1,0377	4,0847
61,4	1,0394	4,0903
61,5	1,0409	4,0937
61,6	1,0426	4,0989
61,7	1,0443	4,1066
61,8	1,046	4,1114
61,9	1,0477	4,1161
62	1,0493	4,1218
62,1	1,0509	4,1259
62,2	1,0525	4,1299
62,3	1,0542	4,1368
62,4	1,056	4,1426
62,5	1,0577	4,1479
62,6	1,0594	4,1535
62,7	1,061	4,1574
62,8	1,0625	4,1618
62,9	1,0642	4,1669
63	1,066	4,1741
63,1	1,0677	4,1788
63,2	1,0694	4,1835
63,3	1,071	4,1898
63,4	1,0726	4,1939
63,5	1,0742	4,1983
63,6	1,0759	4,2064
63,7	1,0777	4,2125
63,8	1,0793	4,2163
63,9	1,081	4,2211
64	1,0827	4,2262
64,1	1,0842	4,2308
64,2	1,0859	4,2365
64,3	1,0877	4,2437
64,4	1,0894	4,2496
64,5	1,0911	4,2539
64,6	1,0927	4,2591
64,7	1,0943	4,2635
64,8	1,0959	4,2677
64,9	1,0976	4,2742
65	1,0993	4,2793
65,1	1,101	4,2856
65,2	1,1027	4,2915
65,3	1,1043	4,2962
65,4	1,1059	4,3005
65,5	1,1076	4,3061
65,6	1,1094	4,3137
65,7	1,1111	4,3177
65,8	1,1127	4,3217
65,9	1,1143	4,3273
66	1,1159	4,3317
66,1	1,1175	4,3371
66,2	1,1193	4,3451
66,3	1,121	4,3509
66,4	1,1227	4,3556
66,5	1,1243	4,3608
66,6	1,1259	4,3651
66,7	1,1275	4,3698
66,8	1,1292	4,376
66,9	1,131	4,3833
67	1,1327	4,3874
67,1	1,1343	4,3922
67,2	1,136	4,3987
67,3	1,1376	4,4023
67,4	1,1392	4,4074
67,5	1,1409	4,4147
67,6	1,1427	4,4204
67,7	1,1444	4,4262
67,8	1,146	4,4308
67,9	1,1476	4,4356
68	1,1492	4,4396
68,1	1,1509	4,4461
68,2	1,1527	4,4544
68,3	1,1544	4,4582
68,4	1,156	4,4634
68,5	1,1577	4,4686
68,6	1,1592	4,4729
68,7	1,1609	4,479
68,8	1,1627	4,4857
68,9	1,1644	4,49
69	1,166	4,4945
69,1	1,1676	4,4998
69,2	1,1693	4,5061
69,3	1,1708	4,5109
69,4	1,1726	4,5182
69,5	1,1743	4,5246
69,6	1,176	4,5299
69,7	1,1777	4,5345
69,8	1,1793	4,5392
69,9	1,1809	4,5437
70	1,1825	4,5492
70,1	1,1843	4,5565
70,2	1,186	4,5628
70,3	1,1877	4,5672
70,4	1,1893	4,5726
70,5	1,1909	4,5769
70,6	1,1925	4,5813
70,7	1,1943	4,5893
70,8	1,1961	4,5958
70,9	1,1977	4,5998
71	1,1993	4,6048
71,1	1,201	4,6106
71,2	1,2026	4,6154
71,3	1,2042	4,6207
71,4	1,206	4,6284
71,5	1,2077	4,634
71,6	1,2093	4,6384
71,7	1,211	4,6444
71,8	1,2126	4,6484
71,9	1,2142	4,6533
72	1,2159	4,6613
72,1	1,2176	4,6672
72,2	1,2193	4,6724
72,3	1,221	4,6781
72,4	1,2226	4,6831
72,5	1,2242	4,687
72,6	1,2259	4,6942
72,7	1,2277	4,7017
72,8	1,2294	4,7058
72,9	1,231	4,7104
73	1,2327	4,7173
73,1	1,2343	4,7207
73,2	1,2359	4,7264
73,3	1,2376	4,7336
73,4	1,2393	4,7395
73,5	1,241	4,7454
73,6	1,2427	4,7503
73,7	1,2443	4,7541
73,8	1,2459	4,7596
73,9	1,2476	4,7673
74	1,2494	4,7739
74,1	1,251	4,7788
74,2	1,2527	4,783
74,3	1,2544	4,79
74,4	1,256	4,7945
74,5	1,2576	4,7989
74,6	1,2593	4,8062
74,7	1,261	4,8117
74,8	1,2626	4,8182
74,9	1,2643	4,8235
75	1,2659	4,8293
75,1	1,2675	4,8336
75,2	1,2692	4,84
75,3	1,271	4,8473
75,4	1,2727	4,8524
75,5	1,2743	4,8572
75,6	1,276	4,8638
75,7	1,2776	4,8679
75,8	1,2792	4,8737
75,9	1,281	4,8812
76	1,2827	4,8855
76,1	1,2843	4,8901
76,2	1,286	4,896
76,3	1,2875	4,9009
76,4	1,2892	4,9068
76,5	1,2909	4,914
76,6	1,2927	4,9213
76,7	1,2943	4,9258
76,8	1,296	4,9322
76,9	1,2977	4,9363
77	1,2992	4,9401
77,1	1,3009	4,9473
77,2	1,3027	4,9557
77,3	1,3043	4,9607
77,4	1,306	4,9664
77,5	1,3077	4,9725
77,6	1,3093	4,9767
77,7	1,3109	4,9811
77,8	1,3126	4,9885
77,9	1,3143	4,9958
78	1,316	5,0015
78,1	1,3177	5,0062
78,2	1,3193	5,0113
78,3	1,3209	5,0162
78,4	1,3226	5,0217
78,5	1,3244	5,0291
78,6	1,326	5,0345
78,7	1,3277	5,0402
78,8	1,3294	5,0455
78,9	1,3309	5,0509
79	1,3325	5,0563
79,1	1,3343	5,064
79,2	1,336	5,0689
79,3	1,3377	5,0751
79,4	1,3393	5,0808
79,5	1,341	5,0863
79,6	1,3426	5,0909
79,7	1,3442	5,0973
79,8	1,346	5,1047
79,9	1,3477	5,1103
80	1,3494	5,1167
80,1	1,351	5,1207
80,2	1,3526	5,1255
80,3	1,3542	5,1302
80,4	1,356	5,1388
80,5	1,3577	5,1452
80,6	1,3594	5,1511
80,7	1,361	5,1569
80,8	1,3626	5,1609
80,9	1,3642	5,1661
81	1,3659	5,1722
81,1	1,3677	5,1809
81,2	1,3694	5,1851
81,3	1,371	5,1913
81,4	1,3727	5,1973
81,5	1,3742	5,202
81,6	1,3759	5,2076
81,7	1,3777	5,2152
81,8	1,3793	5,2212
81,9	1,381	5,2273
82	1,3827	5,2323
82,1	1,3843	5,2385
82,2	1,3859	5,2439
82,3	1,3876	5,2501
82,4	1,3893	5,2577
82,5	1,391	5,2634
82,6	1,3927	5,2691
82,7	1,3943	5,2739
82,8	1,3959	5,2785
82,9	1,3975	5,2838
83	1,3994	5,2929
83,1	1,4011	5,2989
83,2	1,4027	5,3036
83,3	1,4043	5,3095
83,4	1,4059	5,3139
83,5	1,4075	5,3196
83,6	1,4093	5,3285
83,7	1,4111	5,3352
83,8	1,4127	5,3403
83,9	1,4143	5,3452
84	1,416	5,3522
84,1	1,4176	5,3566
84,2	1,4192	5,3625
84,3	1,421	5,3702
84,4	1,4227	5,3759
84,5	1,4243	5,3817
84,6	1,426	5,3879
84,7	1,4276	5,3924
84,8	1,4292	5,3974
84,9	1,4309	5,4052
85	1,4327	5,413
85,1	1,4344	5,4182
85,2	1,436	5,4241
85,3	1,4377	5,43
85,4	1,4392	5,4352
85,5	1,4409	5,442
85,6	1,4427	5,45
85,7	1,4444	5,4555
85,8	1,446	5,4607
85,9	1,4477	5,4665
86	1,4492	5,4706
86,1	1,4509	5,4771
86,2	1,4527	5,4861
86,3	1,4544	5,4925
86,4	1,456	5,4974
86,5	1,4576	5,504
86,6	1,4593	5,5097
86,7	1,4609	5,5146
86,8	1,4626	5,5217
86,9	1,4644	5,5288
87	1,466	5,5338
87,1	1,4677	5,5391
87,2	1,4694	5,5466
87,3	1,4709	5,5511
87,4	1,4726	5,5573
87,5	1,4743	5,5652
87,6	1,476	5,5707
87,7	1,4777	5,5766
87,8	1,4793	5,5822
87,9	1,4809	5,5871
88	1,4825	5,5921
88,1	1,4843	5,6014
88,2	1,4861	5,6097
88,3	1,4877	5,614
88,4	1,4893	5,6192
88,5	1,491	5,625
88,6	1,4926	5,6294
88,7	1,4942	5,6359
88,8	1,496	5,6434
88,9	1,4977	5,6488
89	1,4993	5,6546
89,1	1,501	5,6607
89,2	1,5026	5,6664
89,3	1,5042	5,6718
89,4	1,5059	5,6791
89,5	1,5077	5,6856
89,6	1,5093	5,6908
89,7	1,511	5,6963
89,8	1,5127	5,7036
89,9	1,5143	5,7086
90	1,5159	5,7146
90,1	1,5177	5,7223
90,2	1,5194	5,7295
90,3	1,521	5,7346
90,4	1,5227	5,74
90,5	1,5243	5,7439
90,6	1,5259	5,7505
90,7	1,5276	5,7594
90,8	1,5294	5,7662
90,9	1,531	5,772
91	1,5327	5,7778
91,1	1,5343	5,7837
91,2	1,5359	5,7876
91,3	1,5376	5,7947
91,4	1,5393	5,8024
91,5	1,541	5,8083
91,6	1,5427	5,8142
91,7	1,5444	5,8209
91,8	1,546	5,8255
91,9	1,5475	5,8311
92	1,5493	5,8389
92,1	1,551	5,845
92,2	1,5526	5,8507
92,3	1,5543	5,8572
92,4	1,556	5,8625
92,5	1,5576	5,8673
92,6	1,5592	5,8741
92,7	1,561	5,8833
92,8	1,5627	5,8895
92,9	1,5643	5,8937
93	1,566	5,8993
93,1	1,5676	5,9053
93,2	1,5692	5,9108
93,3	1,571	5,9196
93,4	1,5727	5,9259
93,5	1,5743	5,9303
93,6	1,576	5,9364
93,7	1,5776	5,9421
93,8	1,5792	5,9477
93,9	1,5809	5,9549
94	1,5827	5,9633
94,1	1,5844	5,9689
94,2	1,586	5,9742
94,3	1,5877	5,9801
94,4	1,5893	5,9848
94,5	1,5909	5,9902
94,6	1,5926	5,9978
94,7	1,5943	6,004
94,8	1,596	6,0103
94,9	1,5977	6,0174
95	1,5993	6,0238
95,1	1,6009	6,028
95,2	1,6026	6,0348
95,3	1,6044	6,0435
95,4	1,6061	6,0487
95,5	1,6077	6,0547
95,6	1,6093	6,0613
95,7	1,6109	6,066
95,8	1,6126	6,0724
95,9	1,6143	6,0803
96	1,616	6,0866
96,1	1,6177	6,0921
96,2	1,6193	6,0986
96,3	1,6209	6,1036
96,4	1,6225	6,1088
96,5	1,6243	6,1174
96,6	1,626	6,1249
96,7	1,6277	6,1306
96,8	1,6294	6,1371
96,9	1,631	6,1433
97	1,6326	6,1475
97,1	1,6342	6,1531
97,2	1,636	6,1612
97,3	1,6377	6,1682
97,4	1,6394	6,1749
97,5	1,641	6,18
97,6	1,6426	6,1845
97,7	1,6442	6,1903
97,8	1,6459	6,1989
97,9	1,6477	6,2058
98	1,6494	6,2123
98,1	1,651	6,218
98,2	1,6527	6,2233
98,3	1,6542	6,2287
98,4	1,6559	6,236
98,5	1,6577	6,2455
98,6	1,6594	6,2509
98,7	1,661	6,2555
98,8	1,6627	6,2612
98,9	1,6643	6,2674
99	1,6659	6,2734
99,1	1,6676	6,2814
99,2	1,6693	6,2878
99,3	1,671	6,2952
99,4	1,6727	6,3018
99,5	1,6743	6,307
99,6	1,6759	6,3123
99,7	1,6775	6,3185
99,8	1,6793	6,327
99,9	1,681	6,3336
100	1,6827	6,3392
100,1	1,6844	6,3451
100,2	1,6859	6,3502
100,3	1,6875	6,3554
100,4	1,6893	6,3651
100,5	1,6911	6,3713
100,6	1,6927	6,3775
100,7	1,6943	6,3833
100,8	1,6959	6,3884
100,9	1,6975	6,3938
101	1,6993	6,403
101,1	1,7011	6,4109
101,2	1,7027	6,4156
101,3	1,7043	6,4206
101,4	1,706	6,4287
101,5	1,7076	6,4334
101,6	1,7092	6,4403
101,7	1,711	6,4486
101,8	1,7127	6,4553
101,9	1,7143	6,4608
102	1,716	6,4661
102,1	1,7176	6,4714
102,2	1,7192	6,4768
102,3	1,7209	6,4845
102,4	1,7227	6,4928
102,5	1,7244	6,4997
102,6	1,726	6,5056
102,7	1,7277	6,5109
102,8	1,7292	6,516
102,9	1,7309	6,5225
103	1,7327	6,5314
103,1	1,7344	6,5368
103,2	1,736	6,5414
103,3	1,7376	6,5492
103,4	1,7392	6,5528
103,5	1,7408	6,56
103,6	1,7426	6,5689
103,7	1,7444	6,5753
103,8	1,746	6,58
103,9	1,7476	6,5867
104	1,7493	6,5931
104,1	1,7509	6,5981
104,2	1,7526	6,6048
104,3	1,7543	6,6135
104,4	1,756	6,6195
104,5	1,7577	6,6261
104,6	1,7594	6,632
104,7	1,7609	6,6374
104,8	1,7625	6,6431
104,9	1,7643	6,6514
105	1,766	6,6577
105,1	1,7677	6,664
105,2	1,7693	6,6704
105,3	1,771	6,6759
105,4	1,7725	6,6816
105,5	1,7742	6,6895
105,6	1,7761	6,6981
105,7	1,7777	6,7029
105,8	1,7793	6,7082
105,9	1,781	6,7144
106	1,7826	6,7197
106,1	1,7842	6,7259
106,2	1,786	6,7351
106,3	1,7877	6,7419
106,4	1,7893	6,7475
106,5	1,791	6,7536
106,6	1,7926	6,7593
106,7	1,7942	6,7646
106,8	1,7959	6,7729
106,9	1,7977	6,7809
107	1,7993	6,7871
107,1	1,801	6,7933
107,2	1,8027	6,8
107,3	1,8043	6,8049
107,4	1,8059	6,81
107,5	1,8076	6,819
107,6	1,8094	6,825
107,7	1,811	6,8313
107,8	1,8127	6,8381
107,9	1,8143	6,844
108	1,8159	6,8502
108,1	1,8176	6,859
108,2	1,8194	6,8658
108,3	1,821	6,8715
108,4	1,8227	6,8771
108,5	1,8243	6,8837
108,6	1,8259	6,8888
108,7	1,8276	6,8963
108,8	1,8293	6,9051
108,9	1,831	6,9121
109	1,8327	6,9166
109,1	1,8343	6,923
109,2	1,836	6,9291
109,3	1,8375	6,9339
109,4	1,8392	6,9416
109,5	1,841	6,9502
109,6	1,8427	6,9565
109,7	1,8443	6,963
109,8	1,846	6,9701
109,9	1,8476	6,9752
110	1,8492	6,9806
110,1	1,851	6,9889
110,2	1,8527	6,9957
110,3	1,8544	7,0019
110,4	1,856	7,0086
110,5	1,8576	7,0139
110,6	1,8592	7,0193
110,7	1,8609	7,0273
110,8	1,8627	7,0355
110,9	1,8644	7,0414
111	1,866	7,0463
111,1	1,8676	7,0539
111,2	1,8692	7,0592
111,3	1,8709	7,0661
111,4	1,8727	7,0753
111,5	1,8744	7,0814
111,6	1,876	7,0876
111,7	1,8777	7,0934
111,8	1,8793	7,0992
111,9	1,8809	7,1046
112	1,8826	7,1128
112,1	1,8843	7,1212
112,2	1,886	7,1273
112,3	1,8876	7,1334
112,4	1,8893	7,1407
112,5	1,8909	7,1455
112,6	1,8925	7,1521
112,7	1,8943	7,1606
112,8	1,8961	7,168
112,9	1,8977	7,1745
113	1,8993	7,1798
113,1	1,9009	7,1856
113,2	1,9025	7,192
113,3	1,9043	7,2
113,4	1,906	7,2067
113,5	1,9077	7,2129
113,6	1,9093	7,2194
113,7	1,9109	7,2258
113,8	1,9125	7,2311
113,9	1,9142	7,2399
114	1,916	7,2478
114,1	1,9177	7,2537
114,2	1,9194	7,2598
114,3	1,921	7,266
114,4	1,9226	7,2716
114,5	1,9242	7,2774
114,6	1,926	7,2863
114,7	1,9277	7,293
114,8	1,9294	7,3002
114,9	1,931	7,3063
115	1,9326	7,3116
115,1	1,9342	7,3165
115,2	1,9359	7,3251
115,3	1,9377	7,3336
115,4	1,9394	7,3403
115,5	1,941	7,3453
115,6	1,9427	7,352
115,7	1,9442	7,3576
115,8	1,9459	7,364
115,9	1,9477	7,374
116	1,9494	7,3802
116,1	1,951	7,3857
116,2	1,9527	7,3923
116,3	1,9543	7,398
116,4	1,9558	7,404
116,5	1,9576	7,4112
116,6	1,9593	7,42
116,7	1,961	7,427
116,8	1,9627	7,4343
116,9	1,9643	7,4395
117	1,9659	7,4455
117,1	1,9676	7,452
117,2	1,9693	7,4603
117,3	1,971	7,4658
117,4	1,9727	7,4731
117,5	1,9744	7,4794
117,6	1,9759	7,4845
117,7	1,9775	7,492
117,8	1,9793	7,4999
117,9	1,981	7,5089
118	1,9827	7,5146
118,1	1,9843	7,5196
118,2	1,9859	7,5259
118,3	1,9875	7,5312
118,4	1,9892	7,5387
118,5	1,991	7,5485
118,6	1,9927	7,5555
118,7	1,9943	7,56
118,8	1,996	7,5672
118,9	1,9976	7,5728
119	1,9992	7,5787
119,1	2,0009	7,5863
119,2	2,0027	7,5932
119,3	2,0043	7,5995
119,4	2,006	7,607
119,5	2,0076	7,6138
119,6	2,0092	7,6186
119,7	2,0109	7,6267
119,8	2,0127	7,6354
119,9	2,0144	7,642
120	2,016	7,6474
120,1	2,0177	7,6546
120,2	2,0192	7,6588
120,3	2,0209	7,6654
120,4	2,0227	7,6753
120,5	2,0244	7,6826
120,6	2,026	7,6877
120,7	2,0276	7,6946
120,8	2,0292	7,7003
120,9	2,0308	7,7066
121	2,0326	7,7153
121,1	2,0344	7,7226
121,2	2,036	7,7284
121,3	2,0377	7,7343
121,4	2,0394	7,7419
121,5	2,0409	7,7478
121,6	2,0426	7,7539
121,7	2,0443	7,7618
121,8	2,046	7,7689
121,9	2,0477	7,7751
122	2,0494	7,7814
122,1	2,051	7,7871
122,2	2,0525	7,7938
122,3	2,0542	7,8017
122,4	2,056	7,8106
122,5	2,0577	7,8174
122,6	2,0594	7,8239
122,7	2,061	7,8302
122,8	2,0626	7,8351
122,9	2,0642	7,8418
123	2,066	7,8518
123,1	2,0677	7,859
123,2	2,0693	7,8641
123,3	2,071	7,8719
123,4	2,0726	7,8765
123,5	2,0742	7,8823
123,6	2,076	7,8907
123,7	2,0777	7,8981
123,8	2,0793	7,9041
123,9	2,081	7,9109
124	2,0827	7,9186
124,1	2,0843	7,9239
124,2	2,0859	7,9308
124,3	2,0877	7,9393
124,4	2,0894	7,9462
124,5	2,091	7,9516
124,6	2,0927	7,9582
124,7	2,0943	7,9648
124,8	2,0959	7,9706
124,9	2,0976	7,9785
125	2,0993	7,9866
125,1	2,101	7,9929
125,2	2,1027	7,9999
125,3	2,1043	8,0055
125,4	2,1059	8,0103
125,5	2,1076	8,0181
125,6	2,1094	8,0282
125,7	2,1111	8,0341
125,8	2,1127	8,039
125,9	2,1143	8,0466
126	2,1159	8,0518
126,1	2,1176	8,058
126,2	2,1193	8,0658
126,3	2,121	8,0748
126,4	2,1227	8,0811
126,5	2,1243	8,0875
126,6	2,126	8,0945
126,7	2,1276	8,1
126,8	2,1292	8,1061
126,9	2,131	8,1149
127	2,1326	8,1215
127,1	2,1343	8,129
127,2	2,136	8,137
127,3	2,1376	8,1415
127,4	2,1392	8,1477
127,5	2,1409	8,156
127,6	2,1427	8,1629
127,7	2,1444	8,1692
127,8	2,146	8,1759
127,9	2,1476	8,1824
128	2,1492	8,1877
128,1	2,1509	8,1966
128,2	2,1527	8,2065
128,3	2,1544	8,2131
128,4	2,156	8,2181
128,5	2,1577	8,2249
128,6	2,1593	8,2304
128,7	2,1609	8,2365
128,8	2,1626	8,2452
128,9	2,1643	8,2535
129	2,166	8,2605
129,1	2,1677	8,2666
129,2	2,1693	8,2731
129,3	2,1709	8,2782
129,4	2,1726	8,2857
129,5	2,1743	8,2938
129,6	2,176	8,3002
129,7	2,1777	8,3077
129,8	2,1794	8,3151
129,9	2,181	8,3207
130	2,1826	8,3269
130,1	2,1843	8,3356
130,2	2,186	8,3431
130,3	2,1877	8,3493
130,4	2,1893	8,3546
130,5	2,1909	8,3605
130,6	2,1925	8,3667
130,7	2,1942	8,3757
130,8	2,196	8,3846
130,9	2,1977	8,3906
131	2,1993	8,3972
131,1	2,201	8,4031
131,2	2,2025	8,4093
131,3	2,2042	8,416
131,4	2,206	8,4252
131,5	2,2077	8,4311
131,6	2,2094	8,4381
131,7	2,211	8,445
131,8	2,2126	8,4501
131,9	2,2142	8,4564
132	2,2159	8,4644
132,1	2,2176	8,472
132,2	2,2193	8,4792
132,3	2,221	8,487
132,4	2,2227	8,493
132,5	2,2242	8,4974
132,6	2,2258	8,504
132,7	2,2277	8,5152
132,8	2,2294	8,5225
132,9	2,231	8,5286
133	2,2327	8,5352
133,1	2,2343	8,5409
133,2	2,2359	8,5473
133,3	2,2376	8,556
133,4	2,2394	8,5637
133,5	2,241	8,5685
133,6	2,2426	8,5757
133,7	2,2443	8,5824
133,8	2,2458	8,5883
133,9	2,2475	8,5978
134	2,2493	8,6061
134,1	2,251	8,6131
134,2	2,2527	8,6199
134,3	2,2544	8,626
134,4	2,256	8,6323
134,5	2,2576	8,6378
134,6	2,2593	8,6454
134,7	2,261	8,6532
134,8	2,2627	8,6609
134,9	2,2644	8,6677
135	2,266	8,674
135,1	2,2675	8,6798
135,2	2,2692	8,6884
135,3	2,271	8,6983
135,4	2,2727	8,7044
135,5	2,2743	8,7103
135,6	2,276	8,7169
135,7	2,2776	8,7223
135,8	2,2792	8,7291
135,9	2,281	8,7396
136	2,2827	8,7477
136,1	2,2843	8,753
136,2	2,286	8,7601
136,3	2,2876	8,7669
136,4	2,2892	8,7728
136,5	2,2909	8,7811
136,6	2,2927	8,7902
136,7	2,2943	8,7967
136,8	2,296	8,8034
136,9	2,2977	8,811
137	2,2993	8,8158
137,1	2,3009	8,8231
137,2	2,3027	8,8324
137,3	2,3044	8,8397
137,4	2,306	8,8452
137,5	2,3077	8,8523
137,6	2,3093	8,8584
137,7	2,3109	8,8648
137,8	2,3126	8,8741
137,9	2,3144	8,8831
138	2,316	8,8897
138,1	2,3177	8,8947
138,2	2,3193	8,9015
138,3	2,3208	8,9069
138,4	2,3226	8,9157
138,5	2,3244	8,9256
138,6	2,3261	8,9312
138,7	2,3277	8,9379
138,8	2,3293	8,945
138,9	2,3309	8,9509
139	2,3325	8,9568
139,1	2,3343	8,9651
139,2	2,336	8,972
139,3	2,3377	8,9791
139,4	2,3393	8,9863
139,5	2,341	8,9929
139,6	2,3426	8,9988
139,7	2,3442	9,0059
139,8	2,346	9,0144
139,9	2,3477	9,0215
140	2,3494	9,0273
140,1	2,351	9,0336
140,2	2,3526	9,0397
140,3	2,3542	9,046
140,4	2,356	9,0556
140,5	2,3577	9,0631
140,6	2,3594	9,068
140,7	2,361	9,0747
140,8	2,3626	9,0813
140,9	2,3642	9,0864
141	2,3659	9,0963
141,1	2,3677	9,1056
141,2	2,3694	9,1124
141,3	2,371	9,119
141,4	2,3727	9,1251
141,5	2,3743	9,1303
141,6	2,3759	9,1369
141,7	2,3776	9,145
141,8	2,3793	9,1533
141,9	2,381	9,1609
142	2,3827	9,1673
142,1	2,3843	9,1746
142,2	2,3859	9,1795
142,3	2,3875	9,1865
142,4	2,3893	9,1955
142,5	2,391	9,202
142,6	2,3927	9,2086
142,7	2,3944	9,2161
142,8	2,3959	9,2217
142,9	2,3976	9,2286
143	2,3993	9,2371
143,1	2,401	9,2446
143,2	2,4027	9,2509
143,3	2,4043	9,2569
143,4	2,406	9,2647
143,5	2,4075	9,2699
143,6	2,4092	9,2791
143,7	2,411	9,2875
143,8	2,4127	9,2946
143,9	2,4143	9,3014
144	2,416	9,3088
144,1	2,4176	9,3149
144,2	2,4192	9,3213
144,3	2,421	9,3299
144,4	2,4226	9,3373
144,5	2,4243	9,3449
144,6	2,426	9,3521
144,7	2,4277	9,3589
144,8	2,4292	9,3639
144,9	2,4309	9,3706
145	2,4327	9,3797
145,1	2,4343	9,388
145,2	2,436	9,3953
145,3	2,4377	9,4017
145,4	2,4392	9,4066
145,5	2,4409	9,4141
145,6	2,4427	9,4237
145,7	2,4444	9,4309
145,8	2,446	9,437
145,9	2,4476	9,444
146	2,4493	9,4505
146,1	2,4509	9,4572
146,2	2,4526	9,4659
146,3	2,4544	9,4744
146,4	2,456	9,4816
146,5	2,4577	9,4882
146,6	2,4593	9,4952
146,7	2,4609	9,5009
146,8	2,4625	9,5076
146,9	2,4643	9,5166
147	2,466	9,5239
147,1	2,4677	9,5318
147,2	2,4694	9,5398
147,3	2,471	9,5454
147,4	2,4726	9,5511
147,5	2,4743	9,5599
147,6	2,476	9,5689
147,7	2,4777	9,5752
147,8	2,4793	9,5802
147,9	2,481	9,5874
148	2,4825	9,5936
148,1	2,4842	9,603
148,2	2,486	9,6128
148,3	2,4877	9,6203
148,4	2,4893	9,6266
148,5	2,491	9,6325
148,6	2,4926	9,6389
148,7	2,4942	9,6451
148,8	2,496	9,6537
148,9	2,4977	9,6625
149	2,4994	9,6702
149,1	2,501	9,6778
149,2	2,5027	9,6838
149,3	2,5042	9,6893
149,4	2,5059	9,6974
149,5	2,5076	9,7064
149,6	2,5093	9,7129
149,7	2,511	9,7209
149,8	2,5127	9,7282
149,9	2,5143	9,7335
150	2,5158	9,7402
150,1	2,5177	9,7511
150,2	2,5194	9,759
150,3	2,521	9,7644
150,4	2,5227	9,7716
150,5	2,5243	9,7775
150,6	2,5259	9,7839
150,7	2,5276	9,7919
150,8	2,5294	9,8016
150,9	2,531	9,8079
151	2,5326	9,8148
151,1	2,5343	9,8218
151,2	2,5359	9,8278
151,3	2,5375	9,8355
151,4	2,5393	9,8456
151,5	2,541	9,8531
151,6	2,5427	9,8603
151,7	2,5444	9,866
151,8	2,546	9,8726
151,9	2,5476	9,8787
152	2,5492	9,887
152,1	2,551	9,8949
152,2	2,5526	9,903
152,3	2,5543	9,9108
152,4	2,556	9,9174
152,5	2,5575	9,9227
152,6	2,5592	9,9299
152,7	2,561	9,9407
152,8	2,5627	9,9481
152,9	2,5644	9,9544
153	2,566	9,9615
153,1	2,5676	9,9663
153,2	2,5692	9,9741
153,3	2,571	9,9826
153,4	2,5727	9,9907
153,5	2,5744	9,9962
153,6	2,576	10,0022
153,7	2,5776	10,0103
153,8	2,5792	10,0169
153,9	2,5809	10,0249
154	2,5827	10,0353
154,1	2,5844	10,0417
154,2	2,586	10,0486
154,3	2,5877	10,0553
154,4	2,5893	10,0616
154,5	2,5909	10,0683
154,6	2,5926	10,078
154,7	2,5944	10,0869
154,8	2,5961	10,0938
154,9	2,5977	10,1
155	2,5993	10,1061
155,1	2,6008	10,1115
155,2	2,6025	10,12
155,3	2,6043	10,1289
155,4	2,606	10,1373
155,5	2,6077	10,1446
155,6	2,6093	10,1512
155,7	2,6109	10,1563
155,8	2,6126	10,1638
155,9	2,6143	10,173
156	2,6161	10,181
156,1	2,6177	10,1867
156,2	2,6193	10,1939
156,3	2,621	10,2015
156,4	2,6226	10,2077
156,5	2,6242	10,2157
156,6	2,626	10,2242
156,7	2,6276	10,232
156,8	2,6293	10,2378
156,9	2,631	10,2459
157	2,6326	10,252
157,1	2,6342	10,2595
157,2	2,636	10,2682
157,3	2,6377	10,2774
157,4	2,6394	10,2836
157,5	2,641	10,2902
157,6	2,6426	10,2971
157,7	2,6442	10,3031
157,8	2,6459	10,3113
157,9	2,6477	10,321
158	2,6494	10,3269
158,1	2,651	10,3342
158,2	2,6526	10,3403
158,3	2,6542	10,347
158,4	2,6559	10,3553
158,5	2,6577	10,3651
158,6	2,6594	10,3725
158,7	2,661	10,379
158,8	2,6627	10,3867
158,9	2,6643	10,3927
159	2,6659	10,3982
159,1	2,6676	10,4062
159,2	2,6694	10,4152
159,3	2,671	10,4226
159,4	2,6727	10,4298
159,5	2,6743	10,4372
159,6	2,6759	10,4428
159,7	2,6775	10,4506
159,8	2,6793	10,4596
159,9	2,681	10,4678
160	2,6827	10,4746
160,1	2,6843	10,4817
160,2	2,686	10,4883
160,3	2,6876	10,495
160,4	2,6893	10,5045
160,5	2,6911	10,5132
160,6	2,6927	10,5199
160,7	2,6943	10,526
160,8	2,696	10,5319
160,9	2,6975	10,5379
161	2,6992	10,5468
161,1	2,701	10,5573
161,2	2,7027	10,5643
161,3	2,7043	10,5709
161,4	2,706	10,5785
161,5	2,7076	10,5851
161,6	2,7092	10,5905
161,7	2,7109	10,5993
161,8	2,7126	10,6075
161,9	2,7144	10,6146
162	2,716	10,6227
162,1	2,7177	10,6286
162,2	2,7192	10,6345
162,3	2,7209	10,6415
162,4	2,7227	10,6523
162,5	2,7244	10,6598
162,6	2,726	10,6663
162,7	2,7277	10,6722
162,8	2,7292	10,6789
162,9	2,7308	10,6859
163	2,7327	10,6965
163,1	2,7344	10,7043
163,2	2,736	10,7109
163,3	2,7377	10,7178
163,4	2,7393	10,7241
163,5	2,7409	10,7302
163,6	2,7426	10,7377
163,7	2,7443	10,7474
163,8	2,746	10,7551
163,9	2,7476	10,7622
164	2,7493	10,7703
164,1	2,7509	10,7768
164,2	2,7525	10,7838
164,3	2,7543	10,793
164,4	2,756	10,8003
164,5	2,7577	10,8077
164,6	2,7594	10,8147
164,7	2,761	10,8216
164,8	2,7626	10,8278
164,9	2,7642	10,8356
165	2,766	10,8455
165,1	2,7677	10,8527
165,2	2,7693	10,8591
165,3	2,771	10,867
165,4	2,7725	10,8724
165,5	2,7742	10,8814
165,6	2,776	10,8913
165,7	2,7777	10,8983
165,8	2,7793	10,9047
165,9	2,781	10,9121
166	2,7826	10,9188
166,1	2,7842	10,9255
166,2	2,7859	10,9345
166,3	2,7877	10,9432
166,4	2,7894	10,9502
166,5	2,791	10,9573
166,6	2,7927	10,9643
166,7	2,7942	10,9696
166,8	2,7959	10,9775
166,9	2,7976	10,9867
167	2,7993	10,996
167,1	2,801	11,0037
167,2	2,8027	11,0103
167,3	2,8043	11,0172
167,4	2,8058	11,0228
167,5	2,8076	11,0322
167,6	2,8094	11,041
167,7	2,811	11,0472
167,8	2,8127	11,0546
167,9	2,8143	11,0615
168	2,8158	11,0674
168,1	2,8175	11,0769
168,2	2,8194	11,0879
168,3	2,821	11,0937
168,4	2,8226	11,0998
168,5	2,8243	11,1071
168,6	2,8259	11,113
168,7	2,8275	11,1209
168,8	2,8293	11,131
168,9	2,831	11,1391
169	2,8327	11,1476
169,1	2,8344	11,1541
169,2	2,836	11,1595
169,3	2,8376	11,1655
169,4	2,8392	11,1731
169,5	2,841	11,1834
169,6	2,8426	11,1903
169,7	2,8443	11,1983
169,8	2,846	11,2072
169,9	2,8476	11,2128
170	2,8492	11,2194
170,1	2,851	11,2294
170,2	2,8527	11,237
170,3	2,8543	11,2432
170,4	2,856	11,2507
170,5	2,8576	11,2569
170,6	2,8592	11,2632
170,7	2,861	11,274
170,8	2,8627	11,2837
170,9	2,8643	11,2899
171	2,866	11,2968
171,1	2,8676	11,3035
171,2	2,8692	11,3098
171,3	2,8709	11,3166
171,4	2,8727	11,3269
171,5	2,8744	11,3361
171,6	2,876	11,343
171,7	2,8777	11,3502
171,8	2,8793	11,356
171,9	2,8809	11,3617
172	2,8826	11,3696
172,1	2,8844	11,3787
172,2	2,886	11,3857
172,3	2,8877	11,3924
172,4	2,8893	11,3998
172,5	2,8908	11,4058
172,6	2,8925	11,4147
172,7	2,8944	11,4267
172,8	2,8961	11,4325
172,9	2,8977	11,4382
173	2,8993	11,4443
173,1	2,9009	11,4515
173,2	2,9025	11,4585
173,3	2,9043	11,4696
173,4	2,9061	11,4768
173,5	2,9077	11,4824
173,6	2,9093	11,4895
173,7	2,911	11,4962
173,8	2,9125	11,5015
173,9	2,9142	11,5104
174	2,916	11,5201
174,1	2,9177	11,5283
174,2	2,9194	11,5351
174,3	2,921	11,5428
174,4	2,9226	11,5486
174,5	2,9242	11,5546
174,6	2,9259	11,5632
174,7	2,9277	11,5719
174,8	2,9294	11,5796
174,9	2,931	11,586
175	2,9326	11,5928
175,1	2,9342	11,5987
175,2	2,9359	11,6067
175,3	2,9377	11,6177
175,4	2,9394	11,6242
175,5	2,941	11,631
175,6	2,9427	11,6388
175,7	2,9442	11,6447
175,8	2,9459	11,6529
175,9	2,9477	11,6629
176	2,9494	11,6706
176,1	2,951	11,6771
176,2	2,9527	11,6841
176,3	2,9543	11,6916
176,4	2,9559	11,6981
176,5	2,9576	11,7057
176,6	2,9593	11,7153
176,7	2,9609	11,7224
176,8	2,9626	11,7302
176,9	2,9643	11,7374
177	2,9659	11,7434
177,1	2,9675	11,7502
177,2	2,9693	11,7608
177,3	2,971	11,7699
177,4	2,9727	11,777
177,5	2,9743	11,7835
177,6	2,976	11,7904
177,7	2,9776	11,7968
177,8	2,9793	11,8055
177,9	2,9811	11,8143
178	2,9827	11,8202
178,1	2,9843	11,8277
178,2	2,986	11,8351
178,3	2,9875	11,841
178,4	2,9892	11,8504
178,5	2,991	11,8613
178,6	2,9927	11,8672
178,7	2,9943	11,8744
178,8	2,996	11,882
178,9	2,9977	11,8893
179	2,9992	11,8951
179,1	3,0009	11,9022
179,2	3,0026	11,9122
179,3	3,0043	11,9199
179,4	3,006	11,9282
179,5	3,0077	11,936
179,6	3,0092	11,9415
179,7	3,0108	11,9476
179,8	3,0126	11,9589
179,9	3,0144	11,9667
180	3,016	11,9736
180,1	3,0177	11,9802
180,2	3,0193	11,9868
180,3	3,0209	11,994
180,4	3,0226	12,0031
180,5	3,0244	12,0131
180,6	3,026	12,0194
180,7	3,0276	12,0262
180,8	3,0293	12,0337
180,9	3,0309	12,0392
181	3,0325	12,0477
181,1	3,0343	12,0566
181,2	3,036	12,0636
181,3	3,0376	12,0719
181,4	3,0393	12,0799
181,5	3,0409	12,0869
181,6	3,0425	12,0938
181,7	3,0443	12,1032
181,8	3,046	12,1108
181,9	3,0477	12,1187
182	3,0494	12,1259
182,1	3,051	12,1322
182,2	3,0526	12,1381
182,3	3,0542	12,1454
182,4	3,056	12,1566
182,5	3,0577	12,1649
182,6	3,0594	12,1715
182,7	3,061	12,1787
182,8	3,0626	12,1847
182,9	3,0642	12,1912
183	3,066	12,2014
183,1	3,0677	12,2099
183,2	3,0694	12,2181
183,3	3,071	12,2242
183,4	3,0726	12,2308
183,5	3,0742	12,2378
183,6	3,0759	12,2465
183,7	3,0777	12,2562
183,8	3,0793	12,2631
183,9	3,081	12,2704
184	3,0826	12,2777
184,1	3,0842	12,2833
184,2	3,0859	12,2917
184,3	3,0876	12,302
184,4	3,0893	12,3098
184,5	3,091	12,3183
184,6	3,0927	12,3245
184,7	3,0943	12,3317
184,8	3,0959	12,3368
184,9	3,0976	12,3457
185	3,0994	12,3548
185,1	3,101	12,3618
185,2	3,1027	12,369
185,3	3,1043	12,377
185,4	3,1059	12,3819
185,5	3,1075	12,3906
185,6	3,1093	12,4012
185,7	3,111	12,4088
185,8	3,1127	12,415
185,9	3,1143	12,4219
186	3,1159	12,4293
186,1	3,1175	12,4365
186,2	3,1193	12,4459
186,3	3,121	12,4554
186,4	3,1227	12,4626
186,5	3,1244	12,4691
186,6	3,126	12,4764
186,7	3,1276	12,4818
186,8	3,1292	12,4901
186,9	3,131	12,5001
187	3,1326	12,5079
187,1	3,1344	12,5166
187,2	3,136	12,5239
187,3	3,1376	12,5296
187,4	3,1392	12,5355
187,5	3,141	12,5449
187,6	3,1427	12,5549
187,7	3,1444	12,5625
187,8	3,146	12,5697
187,9	3,1476	12,5767
188	3,1492	12,5824
188,1	3,1509	12,591
188,2	3,1527	12,601
188,3	3,1544	12,6083
188,4	3,156	12,6141
188,5	3,1576	12,6232
188,6	3,1592	12,6293
188,7	3,1609	12,637
188,8	3,1626	12,6472
188,9	3,1644	12,6551
189	3,166	12,6612
189,1	3,1677	12,6686
189,2	3,1693	12,6757
189,3	3,1709	12,682
189,4	3,1725	12,6899
189,5	3,1743	12,7009
189,6	3,176	12,7084
189,7	3,1777	12,7154
189,8	3,1793	12,7233
189,9	3,1809	12,7282
190	3,1825	12,7364
190,1	3,1843	12,7468
190,2	3,186	12,7556
190,3	3,1877	12,762
190,4	3,1893	12,7687
190,5	3,191	12,7753
190,6	3,1925	12,7812
190,7	3,1943	12,7914
190,8	3,1961	12,8018
190,9	3,1977	12,8079
191	3,1993	12,8146
191,1	3,2009	12,8229
191,2	3,2025	12,8286
191,3	3,2042	12,836
191,4	3,206	12,8458
191,5	3,2077	12,8538
191,6	3,2094	12,8622
191,7	3,211	12,8699
191,8	3,2126	12,8771
191,9	3,2142	12,8837
192	3,2159	12,8912
192,1	3,2177	12,9005
192,2	3,2194	12,9083
192,3	3,221	12,9156
192,4	3,2226	12,9227
192,5	3,2242	12,929
192,6	3,2258	12,937
192,7	3,2277	12,9491
192,8	3,2294	12,9564
192,9	3,231	12,9628
193	3,2327	12,9701
193,1	3,2343	12,9763
193,2	3,2359	12,9834
193,3	3,2376	12,992
193,4	3,2394	13,0024
193,5	3,241	13,0091
193,6	3,2427	13,0169
193,7	3,2443	13,0243
193,8	3,2459	13,0306
193,9	3,2475	13,0376
194	3,2493	13,0474
194,1	3,251	13,0553
194,2	3,2526	13,0632
194,3	3,2543	13,0711
194,4	3,2559	13,0785
194,5	3,2575	13,0851
194,6	3,2593	13,0945
194,7	3,261	13,1045
194,8	3,2627	13,1107
194,9	3,2643	13,118
195	3,266	13,1254
195,1	3,2676	13,1326
195,2	3,2692	13,1405
195,3	3,271	13,1508
195,4	3,2727	13,1589
195,5	3,2743	13,167
195,6	3,276	13,174
195,7	3,2776	13,1801
195,8	3,2792	13,1869
195,9	3,281	13,1966
196	3,2827	13,2054
196,1	3,2843	13,2122
196,2	3,286	13,2202
196,3	3,2877	13,2289
196,4	3,2893	13,2339
196,5	3,2909	13,2419
196,6	3,2926	13,2509
196,7	3,2943	13,2587
196,8	3,296	13,267
196,9	3,2977	13,2745
197	3,2993	13,2808
197,1	3,3008	13,288
197,2	3,3026	13,2985
197,3	3,3044	13,3077
197,4	3,3061	13,3146
197,5	3,3077	13,3219
197,6	3,3093	13,3283
197,7	3,3109	13,3353
197,8	3,3126	13,3438
197,9	3,3144	13,354
198	3,316	13,3608
198,1	3,3176	13,3665
198,2	3,3193	13,3748
198,3	3,3209	13,3811
198,4	3,3225	13,3899
198,5	3,3243	13,4009
198,6	3,326	13,4085
198,7	3,3277	13,4157
198,8	3,3294	13,4237
198,9	3,331	13,4305
199	3,3326	13,4363
199,1	3,3343	13,4439
199,2	3,336	13,4529
199,3	3,3377	13,4618
199,4	3,3394	13,4699
199,5	3,341	13,478
199,6	3,3426	13,4839
199,7	3,3442	13,49
199,8	3,346	13,5013
199,9	3,3477	13,5092
200	3,3494	13,5161
200,1	3,351	13,5232
200,2	3,3526	13,5305
200,3	3,3542	13,5376
200,4	3,356	13,5492
200,5	3,3577	13,558
200,6	3,3594	13,5644
200,7	3,361	13,5709
200,8	3,3626	13,5779
200,9	3,3642	13,5835
201	3,3659	13,5931
201,1	3,3677	13,6037
201,2	3,3693	13,6111
201,3	3,371	13,6192
201,4	3,3727	13,6275
201,5	3,3743	13,6337
201,6	3,3759	13,6398
201,7	3,3776	13,6487
201,8	3,3793	13,6563
201,9	3,381	13,6653
202	3,3827	13,6732
202,1	3,3843	13,6806
202,2	3,3859	13,6869
202,3	3,3875	13,6952
202,4	3,3893	13,7057
202,5	3,391	13,713
202,6	3,3927	13,7207
202,7	3,3943	13,7281
202,8	3,3959	13,7338
202,9	3,3975	13,7417
203	3,3993	13,7533
203,1	3,4011	13,7622
203,2	3,4027	13,7681
203,3	3,4043	13,7756
203,4	3,406	13,7826
203,5	3,4076	13,7886
203,6	3,4092	13,7959
203,7	3,411	13,8067
203,8	3,4127	13,8148
203,9	3,4144	13,8239
204	3,416	13,8317
204,1	3,4176	13,8373
204,2	3,4192	13,8436
204,3	3,421	13,8534
204,4	3,4226	13,8605
204,5	3,4244	13,8692
204,6	3,426	13,8772
204,7	3,4276	13,884
204,8	3,4292	13,8903
204,9	3,4309	13,8996
205	3,4327	13,9104
205,1	3,4344	13,9167
205,2	3,436	13,9217
205,3	3,4376	13,9291
205,4	3,4392	13,9353
205,5	3,4408	13,9446
205,6	3,4427	13,9564
205,7	3,4444	13,9645
205,8	3,446	13,9707
205,9	3,4477	13,9783
206	3,4493	13,9851
206,1	3,4509	13,992
206,2	3,4526	14,0004
206,3	3,4543	14,0102
206,4	3,456	14,0183
206,5	3,4577	14,025
206,6	3,4593	14,0325
206,7	3,4609	14,0384
206,8	3,4625	14,0463
206,9	3,4643	14,0563
207	3,466	14,0655
207,1	3,4677	14,0728
207,2	3,4693	14,0801
207,3	3,4709	14,0862
207,4	3,4725	14,0923
207,5	3,4743	14,1029
207,6	3,4761	14,1116
207,7	3,4777	14,1191
207,8	3,4793	14,1257
207,9	3,481	14,1338
208	3,4825	14,1392
208,1	3,4842	14,149
208,2	3,486	14,1591
208,3	3,4877	14,1655
208,4	3,4893	14,1724
208,5	3,491	14,18
208,6	3,4926	14,1869
208,7	3,4942	14,1946
208,8	3,496	14,2048
208,9	3,4977	14,2136
209	3,4994	14,222
209,1	3,501	14,2274
209,2	3,5027	14,235
209,3	3,5043	14,2405
209,4	3,5059	14,2484
209,5	3,5076	14,2577
209,6	3,5093	14,2672
209,7	3,511	14,2755
209,8	3,5127	14,283
209,9	3,5142	14,2888
210	3,5159	14,296
210,1	3,5177	14,3055
210,2	3,5194	14,3143
210,3	3,521	14,3212
210,4	3,5227	14,3281
210,5	3,5243	14,3362
210,6	3,5259	14,3422
210,7	3,5276	14,3523
210,8	3,5294	14,3622
210,9	3,531	14,3698
211	3,5326	14,3756
211,1	3,5343	14,3836
211,2	3,5359	14,3899
211,3	3,5375	14,3979
211,4	3,5393	14,4074
211,5	3,541	14,4153
211,6	3,5426	14,4238
211,7	3,5443	14,4315
211,8	3,546	14,4399
211,9	3,5476	14,4456
212	3,5492	14,4541
212,1	3,551	14,4639
212,2	3,5527	14,4718
212,3	3,5543	14,4774
212,4	3,556	14,4859
212,5	3,5575	14,4913
212,6	3,5592	14,5006
212,7	3,561	14,5117
212,8	3,5627	14,52
212,9	3,5644	14,5265
213	3,566	14,5339
213,1	3,5676	14,5413
213,2	3,5692	14,5478
213,3	3,5709	14,5579
213,4	3,5727	14,5669
213,5	3,5743	14,5728
213,6	3,576	14,5811
213,7	3,5777	14,5894
213,8	3,5793	14,5957
213,9	3,5809	14,6034
214	3,5826	14,6135
214,1	3,5843	14,6219
214,2	3,586	14,629
214,3	3,5877	14,6372
214,4	3,5893	14,6435
214,5	3,5909	14,6508
214,6	3,5926	14,6604
214,7	3,5944	14,67
214,8	3,5961	14,678
214,9	3,5977	14,685
215	3,5993	14,6912
215,1	3,6009	14,6975
215,2	3,6026	14,7056
215,3	3,6043	14,7156
215,4	3,606	14,7237
215,5	3,6077	14,7295
215,6	3,6093	14,7376
215,7	3,6109	14,7441
215,8	3,6125	14,7526
215,9	3,6143	14,7625
216	3,616	14,7715
216,1	3,6177	14,7802
216,2	3,6194	14,7865
216,3	3,621	14,7942
216,4	3,6226	14,8001
216,5	3,6242	14,8078
216,6	3,626	14,8179
216,7	3,6276	14,8257
216,8	3,6293	14,8341
216,9	3,631	14,8434
217	3,6326	14,8488
217,1	3,6342	14,8568
217,2	3,636	14,8661
217,3	3,6377	14,8746
217,4	3,6394	14,8816
217,5	3,641	14,889
217,6	3,6426	14,8965
217,7	3,6442	14,9034
217,8	3,646	14,9132
217,9	3,6477	14,9231
218	3,6494	14,9296
218,1	3,651	14,9365
218,2	3,6526	14,9427
218,3	3,6542	14,9483
218,4	3,6559	14,9579
218,5	3,6577	14,9687
218,6	3,6594	14,9772
218,7	3,661	14,9845
218,8	3,6627	14,9924
218,9	3,6643	14,9987
219	3,6659	15,0053
219,1	3,6676	15,0125
219,2	3,6693	15,02
219,3	3,671	15,0285
219,4	3,6727	15,0366
219,5	3,6743	15,0446
219,6	3,6759	15,0509
219,7	3,6775	15,0584
219,8	3,6793	15,069
219,9	3,681	15,0767
220	3,6827	15,0842
220,1	3,6843	15,0907
220,2	3,6859	15,0986
220,3	3,6875	15,1049
220,4	3,6893	15,1151
220,5	3,6911	15,1252
220,6	3,6927	15,1315
220,7	3,6943	15,1384
220,8	3,696	15,1455
220,9	3,6975	15,1502
221	3,6992	15,1584
221,1	3,701	15,1696
221,2	3,7026	15,1774
221,3	3,7043	15,1854
221,4	3,706	15,1933
221,5	3,7076	15,1999
221,6	3,7092	15,2064
221,7	3,7109	15,2143
221,8	3,7126	15,2238
221,9	3,7143	15,2334
222	3,716	15,2414
222,1	3,7177	15,2481
222,2	3,7193	15,2535
222,3	3,7209	15,2607
222,4	3,7227	15,2725
222,5	3,7244	15,2819
222,6	3,726	15,289
222,7	3,7277	15,2972
222,8	3,7292	15,3041
222,9	3,7308	15,3109
223	3,7326	15,3207
223,1	3,7344	15,3299
223,2	3,736	15,3363
223,3	3,7377	15,3439
223,4	3,7393	15,3529
223,5	3,7409	15,3595
223,6	3,7426	15,3674
223,7	3,7444	15,3779
223,8	3,746	15,3858
223,9	3,7477	15,3922
224	3,7493	15,4005
224,1	3,7509	15,4075
224,2	3,7525	15,4145
224,3	3,7543	15,4254
224,4	3,756	15,435
224,5	3,7577	15,4423
224,6	3,7593	15,4492
224,7	3,761	15,4571
224,8	3,7625	15,4629
224,9	3,7642	15,4725
225	3,766	15,4829
225,1	3,7677	15,4913
225,2	3,7693	15,4978
225,3	3,771	15,5048
225,4	3,7725	15,5109
225,5	3,7742	15,5196
225,6	3,776	15,5297
225,7	3,7777	15,5396
225,8	3,7794	15,5464
225,9	3,781	15,5547
226	3,7826	15,562
226,1	3,7842	15,5681
226,2	3,7859	15,577
226,3	3,7877	15,5873
226,4	3,7893	15,5951
226,5	3,791	15,6024
226,6	3,7927	15,6111
226,7	3,7942	15,6175
226,8	3,7958	15,6258
226,9	3,7976	15,6366
227	3,7993	15,6454
227,1	3,801	15,6533
227,2	3,8026	15,6602
227,3	3,8043	15,6676
227,4	3,8058	15,6742
227,5	3,8076	15,6841
227,6	3,8094	15,6956
227,7	3,811	15,7022
227,8	3,8127	15,7098
227,9	3,8143	15,7171
228	3,8159	15,7238
228,1	3,8176	15,7319
228,2	3,8193	15,7415
228,3	3,821	15,7502
228,4	3,8227	15,758
228,5	3,8243	15,765
228,6	3,8259	15,7734
228,7	3,8275	15,7802
228,8	3,8293	15,79
228,9	3,831	15,7999
229	3,8327	15,8074
229,1	3,8344	15,8153
229,2	3,836	15,8233
229,3	3,8376	15,8289
229,4	3,8392	15,8362
229,5	3,841	15,8445
229,6	3,8427	15,8539
229,7	3,8443	15,8627
229,8	3,846	15,8706
229,9	3,8476	15,8772
230	3,8492	15,885
230,1	3,851	15,8952
230,2	3,8527	15,9039
230,3	3,8544	15,9111
230,4	3,856	15,9172
230,5	3,8577	15,9243
230,6	3,8592	15,931
230,7	3,8609	15,9405
230,8	3,8627	15,9505
230,9	3,8644	15,9582
231	3,866	15,965
231,1	3,8677	15,9732
231,2	3,8693	15,979
231,3	3,8709	15,9849
231,4	3,8726	15,994
231,5	3,8743	16,0026
231,6	3,876	16,0099
231,7	3,8777	16,0195
231,8	3,8793	16,0275
231,9	3,8809	16,0335
232	3,8826	16,0409
232,1	3,8844	16,0513
232,2	3,8861	16,0593
232,3	3,8877	16,0651
232,4	3,8893	16,0722
232,5	3,8909	16,078
232,6	3,8925	16,0855
232,7	3,8943	16,0964
232,8	3,896	16,1055
232,9	3,8977	16,1134
233	3,8993	16,12
233,1	3,901	16,128
233,2	3,9026	16,1338
233,3	3,9042	16,142
233,4	3,906	16,1524
233,5	3,9077	16,1604
233,6	3,9094	16,1682
233,7	3,911	16,1761
233,8	3,9126	16,1828
233,9	3,9142	16,1892
234	3,9159	16,1986
234,1	3,9176	16,2072
234,2	3,9193	16,2151
234,3	3,921	16,2238
234,4	3,9226	16,2322
234,5	3,9242	16,2379
234,6	3,9259	16,2469
234,7	3,9277	16,2569
234,8	3,9294	16,2645
234,9	3,931	16,2706
235	3,9327	16,2771
235,1	3,9342	16,2839
235,2	3,9359	16,292
235,3	3,9376	16,3034
235,4	3,9393	16,3116
235,5	3,941	16,3198
235,6	3,9427	16,3269
235,7	3,9443	16,3326
235,8	3,9458	16,3391
235,9	3,9476	16,3498
236	3,9494	16,3604
236,1	3,951	16,3683
236,2	3,9527	16,3768
236,3	3,9544	16,3836
236,4	3,9559	16,3892
236,5	3,9576	16,3957
236,6	3,9593	16,4038
236,7	3,961	16,4115
236,8	3,9627	16,4209
236,9	3,9643	16,43
237	3,9659	16,4376
237,1	3,9675	16,443
237,2	3,9693	16,4537
237,3	3,971	16,4632
237,4	3,9727	16,4707
237,5	3,9743	16,4763
237,6	3,976	16,4836
237,7	3,9775	16,491
237,8	3,9792	16,4995
237,9	3,981	16,5102
238	3,9827	16,5175
238,1	3,9843	16,5242
238,2	3,9859	16,531
238,3	3,9875	16,5378
238,4	3,9892	16,5455
238,5	3,991	16,5567
238,6	3,9926	16,5651
238,7	3,9944	16,573
238,8	3,996	16,5813
238,9	3,9977	16,5877
239	3,9992	16,5932
239,1	4,0009	16,6015
239,2	4,0026	16,611
239,3	4,0043	16,6198
239,4	4,006	16,6288
239,5	4,0077	16,6346
239,6	4,0092	16,6409
239,7	4,0108	16,6475
239,8	4,0126	16,6585
239,9	4,0144	16,6677
240	4,016	16,6751
240,1	4,0176	16,6829
240,2	4,0192	16,6887
240,3	4,0208	16,6915
240,4	4,0226	16,7019
240,5	4,0244	16,7121
240,6	4,026	16,7182
240,7	4,0277	16,7255
240,8	4,0293	16,7331
240,9	4,0309	16,7411
241	4,0326	16,748
241,1	4,0343	16,7577
241,2	4,036	16,7663
241,3	4,0377	16,7741
241,4	4,0393	16,7803
241,5	4,0409	16,7874
241,6	4,0425	16,7929
241,7	4,0442	16,8028
241,8	4,046	16,8128
241,9	4,0477	16,8212
242	4,0493	16,8287
242,1	4,051	16,8355
242,2	4,0525	16,8411
242,3	4,0542	16,849
242,4	4,056	16,8597
242,5	4,0577	16,8668
242,6	4,0593	16,8743
242,7	4,061	16,8825
242,8	4,0625	16,8888
242,9	4,0642	16,8977
243	4,066	16,9072
243,1	4,0677	16,9169
243,2	4,0693	16,9231
243,3	4,071	16,9296
243,4	4,0727	16,9378
243,5	4,0742	16,9433
243,6	4,0759	16,9525
243,7	4,0777	16,9625
243,8	4,0794	16,9709
243,9	4,081	16,9784
244	4,0827	16,9864
244,1	4,0843	16,9927
244,2	4,0859	16,9992
244,3	4,0876	17,0086
244,4	4,0893	17,0183
244,5	4,091	17,0266
244,6	4,0927	17,0334
244,7	4,0943	17,0407
244,8	4,0959	17,0471
244,9	4,0976	17,0568
245	4,0994	17,067
245,1	4,101	17,0739
245,2	4,1027	17,0812
245,3	4,1043	17,0882
245,4	4,1059	17,0944
245,5	4,1075	17,103
245,6	4,1093	17,1132
245,7	4,111	17,1219
245,8	4,1127	17,13
245,9	4,1143	17,1375
246	4,116	17,1462
246,1	4,1176	17,153
246,2	4,1193	17,1611
246,3	4,121	17,1708
246,4	4,1227	17,1782
246,5	4,1244	17,1859
246,6	4,126	17,1933
246,7	4,1276	17,1993
246,8	4,1292	17,2062
246,9	4,1309	17,2179
247	4,1327	17,227
247,1	4,1344	17,2354
247,2	4,136	17,2429
247,3	4,1376	17,2497
247,4	4,1392	17,2565
247,5	4,141	17,2663
247,6	4,1427	17,2751
247,7	4,1444	17,2828
247,8	4,146	17,2913
247,9	4,1477	17,2991
248	4,1493	17,3057
248,1	4,1509	17,3141
248,2	4,1526	17,324
248,3	4,1543	17,332
248,4	4,156	17,3394
248,5	4,1576	17,3473
248,6	4,1593	17,3547
248,7	4,1609	17,3624
248,8	4,1626	17,3721
248,9	4,1643	17,3811
249	4,166	17,3902
249,1	4,1677	17,3985
249,2	4,1694	17,4057
249,3	4,1709	17,4108
249,4	4,1725	17,4183
249,5	4,1743	17,4289
249,6	4,176	17,4393
249,7	4,1777	17,4471
249,8	4,1793	17,4543
249,9	4,1809	17,4605
250	4,1825	17,4675
250,1	4,1843	17,4791
250,2	4,186	17,4887
250,3	4,1877	17,4958
250,4	4,1893	17,5019
250,5	4,191	17,5109
250,6	4,1925	17,518
250,7	4,1942	17,5271
250,8	4,196	17,5377
250,9	4,1977	17,5458
251	4,1994	17,5539
251,1	4,201	17,562
251,2	4,2026	17,5682
251,3	4,2042	17,5755
251,4	4,2059	17,5871
251,5	4,2076	17,5956
251,6	4,2093	17,6043
251,7	4,211	17,6127
251,8	4,2127	17,6213
251,9	4,2143	17,6279
252	4,2159	17,6351
252,1	4,2177	17,6451
252,2	4,2194	17,6548
252,3	4,221	17,6625
252,4	4,2227	17,6701
252,5	4,2242	17,6771
252,6	4,2259	17,6849
252,7	4,2277	17,695
252,8	4,2294	17,704
252,9	4,231	17,7113
253	4,2327	17,7184
253,1	4,2343	17,7266
253,2	4,2359	17,7346
253,3	4,2376	17,7437
253,4	4,2393	17,7545
253,5	4,241	17,7625
253,6	4,2427	17,7704
253,7	4,2444	17,7774
253,8	4,2459	17,7828
253,9	4,2475	17,7906
254	4,2493	17,8017
254,1	4,2509	17,8105
254,2	4,2527	17,8206
254,3	4,2544	17,8294
254,4	4,256	17,8368
254,5	4,2575	17,8417
254,6	4,2592	17,8507
254,7	4,2611	17,8622
254,8	4,2627	17,8716
254,9	4,2643	17,8783
255	4,266	17,8863
255,1	4,2675	17,8926
255,2	4,2692	17,9018
255,3	4,271	17,9121
255,4	4,2727	17,9201
255,5	4,2743	17,9276
255,6	4,2759	17,9357
255,7	4,2776	17,9432
255,8	4,2792	17,9504
255,9	4,2809	17,9608
256	4,2827	17,9697
256,1	4,2844	17,9783
256,2	4,286	17,9869
256,3	4,2877	17,9948
256,4	4,2893	18,0022
256,5	4,2909	18,0098
256,6	4,2926	18,0188
256,7	4,2943	18,0273
256,8	4,296	18,0365
256,9	4,2977	18,044
257	4,2993	18,0502
257,1	4,3008	18,0587
257,2	4,3026	18,0694
257,3	4,3044	18,082
257,4	4,306	18,0892
257,5	4,3077	18,0959
257,6	4,3093	18,103
257,7	4,3109	18,1093
257,8	4,3126	18,1182
257,9	4,3144	18,1297
258	4,3161	18,138
258,1	4,3177	18,1448
258,2	4,3193	18,1533
258,3	4,3209	18,1606
258,4	4,3225	18,1679
258,5	4,3243	18,1783
258,6	4,326	18,1876
258,7	4,3277	18,1953
258,8	4,3294	18,2047
258,9	4,331	18,213
259	4,3326	18,2196
259,1	4,3342	18,2277
259,2	4,336	18,2389
259,3	4,3377	18,2472
259,4	4,3394	18,255
259,5	4,341	18,2619
259,6	4,3426	18,2687
259,7	4,3442	18,2756
259,8	4,346	18,287
259,9	4,3477	18,2974
260	4,3493	18,3052
260,1	4,351	18,3129
260,2	4,3526	18,3199
260,3	4,3542	18,3266
260,4	4,3559	18,3373
260,5	4,3577	18,3477
260,6	4,3594	18,3541
260,7	4,361	18,3615
260,8	4,3627	18,3711
260,9	4,3643	18,378
261	4,3659	18,3858
261,1	4,3676	18,3958
261,2	4,3693	18,4041
261,3	4,371	18,412
261,4	4,3726	18,4211
261,5	4,3743	18,4285
261,6	4,3759	18,4354
261,7	4,3776	18,4452
261,8	4,3793	18,4549
261,9	4,381	18,4633
262	4,3827	18,4713
262,1	4,3843	18,4801
262,2	4,3859	18,4858
262,3	4,3876	18,494
262,4	4,3894	18,506
262,5	4,391	18,5141
262,6	4,3927	18,5209
262,7	4,3943	18,5273
262,8	4,3959	18,5341
262,9	4,3975	18,5434
263	4,3993	18,5545
263,1	4,401	18,5647
263,2	4,4027	18,5728
263,3	4,4043	18,5795
263,4	4,406	18,5859
263,5	4,4076	18,5911
263,6	4,4092	18,599
263,7	4,411	18,6083
263,8	4,4127	18,6176
263,9	4,4143	18,6264
264	4,416	18,6355
264,1	4,4176	18,6419
264,2	4,4192	18,6487
264,3	4,4209	18,6586
264,4	4,4227	18,668
264,5	4,4244	18,6761
264,6	4,426	18,6824
264,7	4,4276	18,6906
264,8	4,4292	18,6971
264,9	4,4309	18,708
265	4,4327	18,7184
265,1	4,4344	18,7261
265,2	4,436	18,7333
265,3	4,4377	18,7406
265,4	4,4392	18,7461
265,5	4,4409	18,754
265,6	4,4426	18,7649
265,7	4,4444	18,7743
265,8	4,446	18,7833
265,9	4,4477	18,7918
266	4,4493	18,7994
266,1	4,4509	18,8054
266,2	4,4526	18,8127
266,3	4,4543	18,822
266,4	4,456	18,8305
266,5	4,4577	18,8379
266,6	4,4594	18,8473
266,7	4,4609	18,854
266,8	4,4625	18,8606
266,9	4,4643	18,8715
267	4,466	18,8803
267,1	4,4677	18,8889
267,2	4,4693	18,8953
267,3	4,4709	18,9019
267,4	4,4725	18,9093
267,5	4,4743	18,92
267,6	4,4761	18,9303
267,7	4,4777	18,9382
267,8	4,4793	18,9451
267,9	4,481	18,9529
268	4,4826	18,9591
268,1	4,4842	18,9666
268,2	4,486	18,9755
268,3	4,4876	18,9846
268,4	4,4893	18,9934
268,5	4,4909	19,0018
268,6	4,4926	19,0092
268,7	4,4942	19,0167
268,8	4,4959	19,0269
268,9	4,4977	19,0348
269	4,4993	19,0425
269,1	4,501	19,0513
269,2	4,5027	19,0604
269,3	4,5043	19,0651
269,4	4,5059	19,0693
269,5	4,5076	19,0795
269,6	4,5094	19,0883
269,7	4,511	19,0966
269,8	4,5126	19,1035
269,9	4,5142	19,1106
270	4,5158	19,1181
270,1	4,5176	19,1295
270,2	4,5194	19,1383
270,3	4,521	19,1467
270,4	4,5227	19,1532
270,5	4,5243	19,1608
270,6	4,5259	19,1672
270,7	4,5276	19,176
270,8	4,5294	19,1866
270,9	4,531	19,1949
271	4,5327	19,2019
271,1	4,5343	19,209
271,2	4,5359	19,2157
271,3	4,5375	19,2223
271,4	4,5393	19,2317
271,5	4,541	19,2414
271,6	4,5427	19,2512
271,7	4,5443	19,2598
271,8	4,546	19,2663
271,9	4,5475	19,2721
272	4,5492	19,2803
272,1	4,551	19,2911
272,2	4,5527	19,2992
272,3	4,5544	19,3071
272,4	4,556	19,314
272,5	4,5576	19,3214
272,6	4,5592	19,328
272,7	4,561	19,3394
272,8	4,5627	19,348
272,9	4,5643	19,355
273	4,566	19,3621
273,1	4,5676	19,3697
273,2	4,5692	19,3763
273,3	4,5709	19,3866
273,4	4,5727	19,3975
273,5	4,5744	19,4055
273,6	4,576	19,4127
273,7	4,5777	19,42
273,8	4,5793	19,4262
273,9	4,5809	19,4327
274	4,5826	19,4418
274,1	4,5843	19,4505
274,2	4,586	19,4594
274,3	4,5876	19,4673
274,4	4,5892	19,4743
274,5	4,5908	19,4811
274,6	4,5926	19,4907
274,7	4,5944	19,5023
274,8	4,5961	19,5086
274,9	4,5977	19,5159
275	4,5993	19,5235
275,1	4,6009	19,5288
275,2	4,6026	19,5378
275,3	4,6044	19,5493
275,4	4,606	19,5576
275,5	4,6077	19,5638
275,6	4,6093	19,5704
275,7	4,6109	19,578
275,8	4,6125	19,5848
275,9	4,6142	19,5884
276	4,616	19,5985
276,1	4,6177	19,607
276,2	4,6193	19,6147
276,3	4,621	19,6223
276,4	4,6226	19,6281
276,5	4,6242	19,6346
276,6	4,626	19,6452
276,7	4,6277	19,6537
276,8	4,6294	19,6607
276,9	4,631	19,6689
277	4,6326	19,6749
277,1	4,6342	19,6817
277,2	4,6359	19,6929
277,3	4,6377	19,7012
277,4	4,6394	19,7106
277,5	4,641	19,7166
277,6	4,6426	19,723
277,7	4,6442	19,7287
277,8	4,6459	19,7386
277,9	4,6477	19,7442
278	4,6494	19,7486
278,1	4,651	19,7547
278,2	4,6527	19,7623
278,3	4,6543	19,7695
278,4	4,6559	19,7757
278,5	4,6576	19,7837
278,6	4,6593	19,7874
278,7	4,661	19,7837
278,8	4,6627	19,79
278,9	4,6643	19,7953
279	4,6659	19,8018
279,1	4,6676	19,81
279,2	4,6693	19,82
279,3	4,6711	19,8295
279,4	4,6727	19,8356
279,5	4,6743	19,8406
279,6	4,6759	19,8447
279,7	4,6775	19,8505
279,8	4,6793	19,8604
279,9	4,681	19,8677
280	4,6827	19,8751
280,1	4,6843	19,8812
280,2	4,6859	19,8864
280,3	4,6875	19,8913
280,4	4,6893	19,9001
280,5	4,691	19,9081
280,6	4,6927	19,9126
280,7	4,6943	19,9182
280,8	4,696	19,9236
280,9	4,6976	19,929
281	4,6993	19,9354
281,1	4,701	19,944
281,2	4,7027	19,9499
281,3	4,7043	19,9501
281,4	4,706	19,9456
281,5	4,7076	19,9494
281,6	4,7092	19,9536
281,7	4,7109	19,96
281,8	4,7127	19,9689
281,9	4,7144	19,9743
282	4,716	19,9786
282,1	4,7177	19,9839
282,2	4,7192	19,9867
282,3	4,7209	19,9922
282,4	4,7227	19,9995
282,5	4,7244	20,0037
282,6	4,726	20,0064
282,7	4,7276	20,0109
282,8	4,7292	20,0136
282,9	4,7308	19,9702
283	4,7326	19,9735
283,1	4,7344	19,977
283,2	4,736	19,9791
283,3	4,7377	19,983
283,4	4,7394	19,9863
283,5	4,7409	19,988
283,6	4,7426	19,9915
283,7	4,7443	19,9716
283,8	4,746	19,9609
283,9	4,7477	19,9543
284	4,7494	19,9484
284,1	4,7509	19,9416
284,2	4,7525	19,936
284,3	4,7543	19,9347
284,4	4,756	19,9332
284,5	4,7577	19,9309
284,6	4,7593	19,9287
284,7	4,761	19,9261
284,8	4,7626	19,9212
284,9	4,7642	19,9201
285	4,766	19,9208
285,1	4,7677	19,9191
285,2	4,7693	19,9168
285,3	4,771	19,9152
285,4	4,7726	19,9151
285,5	4,7742	19,9154
285,6	4,7759	19,9177
285,7	4,7776	19,918
285,8	4,7793	19,9189
285,9	4,7809	19,9192
286	4,7826	19,9197
286,1	4,7842	19,9192
286,2	4,7859	19,9229
286,3	4,7877	19,9276
286,4	4,7894	19,9307
286,5	4,791	19,9329
286,6	4,7927	19,935
286,7	4,7943	19,9338
286,8	4,7959	19,9339
286,9	4,7976	19,9364
287	4,7993	19,9407
287,1	4,801	19,9444
287,2	4,8027	19,9466
287,3	4,8043	19,9487
287,4	4,8058	19,9491
287,5	4,8076	19,9533
287,6	4,8094	19,9576
287,7	4,811	19,9596
287,8	4,8127	19,9611
287,9	4,8143	19,9648
288	4,8159	19,9661
288,1	4,8176	19,9692
288,2	4,8193	19,9736
288,3	4,821	19,9769
288,4	4,8227	19,9795
288,5	4,8243	19,9832
288,6	4,826	19,9864
288,7	4,8276	19,9879
288,8	4,8292	19,9925
288,9	4,831	19,9975
289	4,8327	20,0017
289,1	4,8344	20,0056
289,2	4,836	20,0084
289,3	4,8376	20,0104
289,4	4,8392	20,0123
289,5	4,841	20,0202
289,6	4,8427	20,025
289,7	4,8444	20,028
289,8	4,846	20,031
289,9	4,8476	20,033
290	4,8492	20,035
290,1	4,8509	20,0414
290,2	4,8527	20,0468
290,3	4,8543	20,0514
290,4	4,856	20,0545
290,5	4,8576	20,0587
290,6	4,8592	20,0616
290,7	4,8609	20,0651
290,8	4,8627	20,0711
290,9	4,8644	20,0743
291	4,8661	20,0789
291,1	4,8677	20,0811
291,2	4,8693	20,0837
291,3	4,8709	20,0844
291,4	4,8726	20,0837
291,5	4,8743	20,0862
291,6	4,876	20,0893
291,7	4,8777	20,0912
291,8	4,8793	20,093
291,9	4,8809	20,0935
292	4,8826	20,0959
292,1	4,8844	20,1011
292,2	4,8861	20,103
292,3	4,8877	20,1037
292,4	4,8893	20,1058
292,5	4,8909	20,1073
292,6	4,8925	20,1088
292,7	4,8943	20,1139
292,8	4,896	20,1179
292,9	4,8977	20,1199
293	4,8993	20,1219
293,1	4,9009	20,122
293,2	4,9025	20,1228
293,3	4,9042	20,1214
293,4	4,906	20,1265
293,5	4,9077	20,1295
293,6	4,9093	20,1318
293,7	4,911	20,1332
293,8	4,9126	20,1325
293,9	4,9142	20,134
294	4,9159	20,1366
294,1	4,9177	20,141
294,2	4,9194	20,1453
294,3	4,921	20,1482
294,4	4,9226	20,1502
294,5	4,9242	20,1519
294,6	4,9259	20,1584
294,7	4,9277	20,1629
294,8	4,9294	20,1651
294,9	4,931	20,1663
295	4,9326	20,1692
295,1	4,9342	20,1702
295,2	4,9359	20,1739
295,3	4,9377	20,1804
295,4	4,9394	20,183
295,5	4,941	20,1841
295,6	4,9426	20,1864
295,7	4,9442	20,1846
295,8	4,9458	20,1837
295,9	4,9476	20,1872
296	4,9493	20,1893
296,1	4,951	20,1579
296,2	4,9527	20,1505
296,3	4,9544	20,1459
296,4	4,9559	20,1408
296,5	4,9576	20,1374
296,6	4,9593	20,1356
296,7	4,961	20,1271
296,8	4,9627	20,1063
296,9	4,9643	20,0814
297	4,9659	20,0654
297,1	4,9675	20,0546
297,2	4,9693	19,9058
297,3	4,971	19,8633
297,4	4,9727	19,8338
297,5	4,9743	19,8089
297,6	4,976	19,7901
297,7	4,9775	19,772
297,8	4,9792	19,7586
297,9	4,981	19,745
298	4,9827	19,7214
298,1	4,9843	19,6926
298,2	4,986	19,6639
298,3	4,9876	19,6306
298,4	4,9893	19,606
298,5	4,991	19,5858
298,6	4,9926	19,5691
298,7	4,9943	19,5457
298,8	4,9959	19,5266
298,9	4,9976	19,5111
299	4,9992	19,4881
299,1	5,0009	19,4711
299,2	5,0027	19,456
299,3	5,0044	19,4368
299,4	5,006	19,3994
299,5	5,0077	19,3495
299,6	5,0093	19,3117
299,7	5,0109	19,2768
299,8	5,0127	19,2537
299,9	5,0144	19,2311
300	5,016	19,2081
300,1	5,0177	19,1712
300,2	5,0193	19,1384
300,3	5,0209	19,1158
300,4	5,0226	19,0955
300,5	5,0244	18,9876
300,6	5,026	18,9465
300,7	5,0277	18,9169
300,8	5,0294	18,887
300,9	5,031	18,8417
301	5,0326	18,4446
301,038	5,0339	2,0077
