Temps;DÃ©placement;Force
(s);(mm);(kN)
"0,0000";"0,0179";"0,1997"
"0,1000";"0,0180";"0,1988"
"0,2000";"0,0191";"0,2106"
"0,3000";"0,0217";"0,2469"
"0,4000";"0,0236";"0,2711"
"0,5000";"0,0255";"0,2912"
"0,6000";"0,0272";"0,3105"
"0,7000";"0,0288";"0,3273"
"0,8000";"0,0305";"0,3453"
"0,9000";"0,0321";"0,3620"
"1,0000";"0,0337";"0,3782"
"1,1000";"0,0354";"0,3972"
"1,2000";"0,0372";"0,4164"
"1,3000";"0,0388";"0,4349"
"1,4000";"0,0405";"0,4523"
"1,5000";"0,0421";"0,4705"
"1,6000";"0,0437";"0,4862"
"1,7000";"0,0454";"0,5040"
"1,8000";"0,0472";"0,5238"
"1,9000";"0,0489";"0,5404"
"2,0000";"0,0505";"0,5580"
"2,1000";"0,0522";"0,5751"
"2,2000";"0,0537";"0,5916"
"2,3000";"0,0554";"0,6084"
"2,4000";"0,0571";"0,6268"
"2,5000";"0,0588";"0,6447"
"2,6000";"0,0605";"0,6610"
"2,7000";"0,0621";"0,6776"
"2,8000";"0,0638";"0,6940"
"2,9000";"0,0653";"0,7096"
"3,0000";"0,0670";"0,7271"
"3,1000";"0,0688";"0,7460"
"3,2000";"0,0705";"0,7624"
"3,3000";"0,0722";"0,7791"
"3,4000";"0,0739";"0,7952"
"3,5000";"0,0754";"0,8100"
"3,6000";"0,0770";"0,8248"
"3,7000";"0,0788";"0,8436"
"3,8000";"0,0805";"0,8606"
"3,9000";"0,0822";"0,8760"
"4,0000";"0,0838";"0,8919"
"4,1000";"0,0854";"0,9067"
"4,2000";"0,0870";"0,9213"
"4,3000";"0,0887";"0,9391"
"4,4000";"0,0905";"0,9549"
"4,5000";"0,0922";"0,9713"
"4,6000";"0,0938";"0,9855"
"4,7000";"0,0955";"1,0008"
"4,8000";"0,0971";"1,0153"
"4,9000";"0,0987";"1,0303"
"5,0000";"0,1005";"1,0478"
"5,1000";"0,1022";"1,0617"
"5,2000";"0,1039";"1,0766"
"5,3000";"0,1055";"1,0910"
"5,4000";"0,1071";"1,1042"
"5,5000";"0,1087";"1,1185"
"5,6000";"0,1104";"1,1333"
"5,7000";"0,1121";"1,1487"
"5,8000";"0,1138";"1,1631"
"5,9000";"0,1155";"1,1777"
"6,0000";"0,1171";"1,1903"
"6,1000";"0,1187";"1,2025"
"6,2000";"0,1204";"1,2162"
"6,3000";"0,1222";"1,2320"
"6,4000";"0,1239";"1,2451"
"6,5000";"0,1255";"1,2574"
"6,6000";"0,1272";"1,2701"
"6,7000";"0,1288";"1,2818"
"6,8000";"0,1303";"1,2942"
"6,9000";"0,1321";"1,3081"
"7,0000";"0,1339";"1,3218"
"7,1000";"0,1355";"1,3327"
"7,2000";"0,1371";"1,3445"
"7,3000";"0,1387";"1,3556"
"7,4000";"0,1403";"1,3669"
"7,5000";"0,1421";"1,3795"
"7,6000";"0,1438";"1,3918"
"7,7000";"0,1455";"1,4033"
"7,8000";"0,1472";"1,4146"
"7,9000";"0,1488";"1,4252"
"8,0000";"0,1504";"1,4348"
"8,1000";"0,1520";"1,4454"
"8,2000";"0,1538";"1,4575"
"8,3000";"0,1554";"1,4680"
"8,4000";"0,1571";"1,4781"
"8,5000";"0,1588";"1,4876"
"8,6000";"0,1604";"1,4971"
"8,7000";"0,1620";"1,5069"
"8,8000";"0,1637";"1,5188"
"8,9000";"0,1656";"1,5308"
"9,0000";"0,1672";"1,5394"
"9,1000";"0,1688";"1,5485"
"9,2000";"0,1705";"1,5576"
"9,3000";"0,1720";"1,5652"
"9,4000";"0,1737";"1,5747"
"9,5000";"0,1755";"1,5864"
"9,6000";"0,1772";"1,5946"
"9,7000";"0,1788";"1,6030"
"9,8000";"0,1804";"1,6120"
"9,9000";"0,1821";"1,6210"
"10,0000";"0,1837";"1,6294"
"10,1000";"0,1854";"1,6395"
"10,2000";"0,1872";"1,6482"
"10,3000";"0,1889";"1,6561"
"10,4000";"0,1905";"1,6635"
"10,5000";"0,1922";"1,6714"
"10,6000";"0,1937";"1,6784"
"10,7000";"0,1954";"1,6863"
"10,8000";"0,1972";"1,6974"
"10,9000";"0,1989";"1,7054"
"11,0000";"0,2005";"1,7119"
"11,1000";"0,2022";"1,7194"
"11,2000";"0,2037";"1,7256"
"11,3000";"0,2053";"1,7323"
"11,4000";"0,2071";"1,7418"
"11,5000";"0,2089";"1,7500"
"11,6000";"0,2105";"1,7579"
"11,7000";"0,2122";"1,7642"
"11,8000";"0,2138";"1,7719"
"11,9000";"0,2154";"1,7775"
"12,0000";"0,2171";"1,7858"
"12,1000";"0,2189";"1,7949"
"12,2000";"0,2205";"1,8004"
"12,3000";"0,2221";"1,8074"
"12,4000";"0,2238";"1,8153"
"12,5000";"0,2255";"1,8218"
"12,6000";"0,2270";"1,8287"
"12,7000";"0,2288";"1,8371"
"12,8000";"0,2305";"1,8440"
"12,9000";"0,2322";"1,8505"
"13,0000";"0,2339";"1,8569"
"13,1000";"0,2355";"1,8636"
"13,2000";"0,2371";"1,8694"
"13,3000";"0,2387";"1,8766"
"13,4000";"0,2405";"1,8856"
"13,5000";"0,2422";"1,8929"
"13,6000";"0,2438";"1,8982"
"13,7000";"0,2455";"1,9045"
"13,8000";"0,2471";"1,9097"
"13,9000";"0,2487";"1,9156"
"14,0000";"0,2505";"1,9240"
"14,1000";"0,2522";"1,9305"
"14,2000";"0,2538";"1,9374"
"14,3000";"0,2555";"1,9436"
"14,4000";"0,2570";"1,9491"
"14,5000";"0,2587";"1,9557"
"14,6000";"0,2605";"1,9636"
"14,7000";"0,2622";"1,9702"
"14,8000";"0,2638";"1,9757"
"14,9000";"0,2655";"1,9825"
"15,0000";"0,2672";"1,9897"
"15,1000";"0,2688";"1,9951"
"15,2000";"0,2704";"2,0015"
"15,3000";"0,2722";"2,0081"
"15,4000";"0,2738";"2,0147"
"15,5000";"0,2755";"2,0213"
"15,6000";"0,2771";"2,0273"
"15,7000";"0,2787";"2,0333"
"15,8000";"0,2803";"2,0387"
"15,9000";"0,2821";"2,0467"
"16,0000";"0,2838";"2,0536"
"16,1000";"0,2855";"2,0595"
"16,2000";"0,2872";"2,0659"
"16,3000";"0,2888";"2,0722"
"16,4000";"0,2904";"2,0779"
"16,5000";"0,2921";"2,0845"
"16,6000";"0,2939";"2,0927"
"16,7000";"0,2955";"2,0985"
"16,8000";"0,2972";"2,1034"
"16,9000";"0,2988";"2,1099"
"17,0000";"0,3004";"2,1150"
"17,1000";"0,3020";"2,1208"
"17,2000";"0,3038";"2,1295"
"17,3000";"0,3055";"2,1357"
"17,4000";"0,3072";"2,1415"
"17,5000";"0,3088";"2,1479"
"17,6000";"0,3105";"2,1546"
"17,7000";"0,3121";"2,1596"
"17,8000";"0,3138";"2,1657"
"17,9000";"0,3155";"2,1730"
"18,0000";"0,3172";"2,1789"
"18,1000";"0,3189";"2,1849"
"18,2000";"0,3205";"2,1907"
"18,3000";"0,3221";"2,1956"
"18,4000";"0,3237";"2,2014"
"18,5000";"0,3254";"2,2092"
"18,6000";"0,3272";"2,2151"
"18,7000";"0,3289";"2,2203"
"18,8000";"0,3305";"2,2257"
"18,9000";"0,3321";"2,2315"
"19,0000";"0,3337";"2,2369"
"19,1000";"0,3354";"2,2440"
"19,2000";"0,3372";"2,2516"
"19,3000";"0,3389";"2,2561"
"19,4000";"0,3405";"2,2612"
"19,5000";"0,3421";"2,2665"
"19,6000";"0,3437";"2,2716"
"19,7000";"0,3454";"2,2770"
"19,8000";"0,3471";"2,2846"
"19,9000";"0,3488";"2,2906"
"20,0000";"0,3505";"2,2959"
"20,1000";"0,3521";"2,3016"
"20,2000";"0,3538";"2,3067"
"20,3000";"0,3554";"2,3114"
"20,4000";"0,3571";"2,3192"
"20,5000";"0,3588";"2,3257"
"20,6000";"0,3605";"2,3302"
"20,7000";"0,3622";"2,3363"
"20,8000";"0,3639";"2,3420"
"20,9000";"0,3654";"2,3467"
"21,0000";"0,3670";"2,3517"
"21,1000";"0,3688";"2,3606"
"21,2000";"0,3705";"2,3651"
"21,3000";"0,3722";"2,3703"
"21,4000";"0,3738";"2,3756"
"21,5000";"0,3754";"2,3805"
"21,6000";"0,3770";"2,3862"
"21,7000";"0,3788";"2,3932"
"21,8000";"0,3806";"2,4005"
"21,9000";"0,3822";"2,4044"
"22,0000";"0,3839";"2,4110"
"22,1000";"0,3855";"2,4159"
"22,2000";"0,3871";"2,4207"
"22,3000";"0,3888";"2,4272"
"22,4000";"0,3906";"2,4344"
"22,5000";"0,3922";"2,4388"
"22,6000";"0,3938";"2,4445"
"22,7000";"0,3955";"2,4498"
"22,8000";"0,3971";"2,4545"
"22,9000";"0,3987";"2,4597"
"23,0000";"0,4004";"2,4662"
"23,1000";"0,4021";"2,4722"
"23,2000";"0,4039";"2,4791"
"23,3000";"0,4055";"2,4843"
"23,4000";"0,4071";"2,4895"
"23,5000";"0,4087";"2,4941"
"23,6000";"0,4104";"2,5000"
"23,7000";"0,4122";"2,5065"
"23,8000";"0,4139";"2,5114"
"23,9000";"0,4155";"2,5167"
"24,0000";"0,4172";"2,5223"
"24,1000";"0,4187";"2,5271"
"24,2000";"0,4203";"2,5330"
"24,3000";"0,4222";"2,5413"
"24,4000";"0,4239";"2,5462"
"24,5000";"0,4255";"2,5506"
"24,6000";"0,4272";"2,5563"
"24,7000";"0,4288";"2,5609"
"24,8000";"0,4304";"2,5663"
"24,9000";"0,4321";"2,5730"
"25,0000";"0,4339";"2,5795"
"25,1000";"0,4356";"2,5857"
"25,2000";"0,4372";"2,5906"
"25,3000";"0,4388";"2,5960"
"25,4000";"0,4404";"2,6005"
"25,5000";"0,4420";"2,6057"
"25,6000";"0,4438";"2,6121"
"25,7000";"0,4454";"2,6184"
"25,8000";"0,4471";"2,6244"
"25,9000";"0,4488";"2,6291"
"26,0000";"0,4504";"2,6340"
"26,1000";"0,4520";"2,6393"
"26,2000";"0,4538";"2,6463"
"26,3000";"0,4556";"2,6538"
"26,4000";"0,4572";"2,6581"
"26,5000";"0,4588";"2,6630"
"26,6000";"0,4605";"2,6679"
"26,7000";"0,4621";"2,6727"
"26,8000";"0,4637";"2,6787"
"26,9000";"0,4656";"2,6868"
"27,0000";"0,4672";"2,6917"
"27,1000";"0,4688";"2,6969"
"27,2000";"0,4705";"2,7025"
"27,3000";"0,4721";"2,7082"
"27,4000";"0,4737";"2,7131"
"27,5000";"0,4754";"2,7199"
"27,6000";"0,4772";"2,7265"
"27,7000";"0,4788";"2,7310"
"27,8000";"0,4805";"2,7373"
"27,9000";"0,4822";"2,7428"
"28,0000";"0,4837";"2,7461"
"28,1000";"0,4854";"2,7521"
"28,2000";"0,4872";"2,7595"
"28,3000";"0,4889";"2,7649"
"28,4000";"0,4905";"2,7692"
"28,5000";"0,4922";"2,7752"
"28,6000";"0,4937";"2,7807"
"28,7000";"0,4953";"2,7852"
"28,8000";"0,4971";"2,7926"
"28,9000";"0,4989";"2,7992"
"29,0000";"0,5005";"2,8031"
"29,1000";"0,5022";"2,8090"
"29,2000";"0,5038";"2,8135"
"29,3000";"0,5054";"2,8174"
"29,4000";"0,5071";"2,8254"
"29,5000";"0,5089";"2,8319"
"29,6000";"0,5105";"2,8367"
"29,7000";"0,5121";"2,8417"
"29,8000";"0,5138";"2,8474"
"29,9000";"0,5154";"2,8523"
"30,0000";"0,5170";"2,8573"
"30,1000";"0,5188";"2,8648"
"30,2000";"0,5205";"2,8697"
"30,3000";"0,5221";"2,8754"
"30,4000";"0,5238";"2,8816"
"30,5000";"0,5255";"2,8867"
"30,6000";"0,5271";"2,8915"
"30,7000";"0,5287";"2,8972"
"30,8000";"0,5305";"2,9040"
"30,9000";"0,5322";"2,9096"
"31,0000";"0,5339";"2,9150"
"31,1000";"0,5355";"2,9202"
"31,2000";"0,5370";"2,9243"
"31,3000";"0,5387";"2,9299"
"31,4000";"0,5405";"2,9382"
"31,5000";"0,5422";"2,9439"
"31,6000";"0,5439";"2,9490"
"31,7000";"0,5455";"2,9545"
"31,8000";"0,5471";"2,9590"
"31,9000";"0,5487";"2,9641"
"32,0000";"0,5505";"2,9722"
"32,1000";"0,5522";"2,9787"
"32,2000";"0,5538";"2,9837"
"32,3000";"0,5555";"2,9884"
"32,4000";"0,5572";"2,9951"
"32,5000";"0,5588";"2,9998"
"32,6000";"0,5604";"3,0047"
"32,7000";"0,5621";"3,0118"
"32,8000";"0,5638";"3,0176"
"32,9000";"0,5654";"3,0225"
"33,0000";"0,5671";"3,0290"
"33,1000";"0,5687";"3,0338"
"33,2000";"0,5703";"3,0390"
"33,3000";"0,5721";"3,0470"
"33,4000";"0,5739";"3,0538"
"33,5000";"0,5755";"3,0581"
"33,6000";"0,5772";"3,0640"
"33,7000";"0,5789";"3,0697"
"33,8000";"0,5804";"3,0742"
"33,9000";"0,5821";"3,0809"
"34,0000";"0,5839";"3,0881"
"34,1000";"0,5855";"3,0937"
"34,2000";"0,5872";"3,0986"
"34,3000";"0,5888";"3,1046"
"34,4000";"0,5904";"3,1098"
"34,5000";"0,5920";"3,1153"
"34,6000";"0,5938";"3,1227"
"34,7000";"0,5956";"3,1290"
"34,8000";"0,5972";"3,1337"
"34,9000";"0,5988";"3,1391"
"35,0000";"0,6005";"3,1454"
"35,1000";"0,6021";"3,1500"
"35,2000";"0,6037";"3,1555"
"35,3000";"0,6055";"3,1630"
"35,4000";"0,6071";"3,1683"
"35,5000";"0,6088";"3,1752"
"35,6000";"0,6105";"3,1811"
"35,7000";"0,6121";"3,1855"
"35,8000";"0,6137";"3,1902"
"35,9000";"0,6154";"3,1970"
"36,0000";"0,6172";"3,2043"
"36,1000";"0,6189";"3,2102"
"36,2000";"0,6205";"3,2155"
"36,3000";"0,6222";"3,2205"
"36,4000";"0,6237";"3,2262"
"36,5000";"0,6254";"3,2320"
"36,6000";"0,6272";"3,2394"
"36,7000";"0,6289";"3,2450"
"36,8000";"0,6305";"3,2499"
"36,9000";"0,6322";"3,2548"
"37,0000";"0,6337";"3,2605"
"37,1000";"0,6354";"3,2664"
"37,2000";"0,6371";"3,2740"
"37,3000";"0,6388";"3,2791"
"37,4000";"0,6405";"3,2859"
"37,5000";"0,6422";"3,2909"
"37,6000";"0,6438";"3,2969"
"37,7000";"0,6454";"3,3012"
"37,8000";"0,6471";"3,3079"
"37,9000";"0,6488";"3,3141"
"38,0000";"0,6505";"3,3202"
"38,1000";"0,6522";"3,3261"
"38,2000";"0,6539";"3,3324"
"38,3000";"0,6554";"3,3366"
"38,4000";"0,6570";"3,3418"
"38,5000";"0,6588";"3,3488"
"38,6000";"0,6605";"3,3556"
"38,7000";"0,6622";"3,3609"
"38,8000";"0,6638";"3,3669"
"38,9000";"0,6655";"3,3714"
"39,0000";"0,6670";"3,3763"
"39,1000";"0,6688";"3,3832"
"39,2000";"0,6705";"3,3911"
"39,3000";"0,6722";"3,3961"
"39,4000";"0,6738";"3,4015"
"39,5000";"0,6755";"3,4072"
"39,6000";"0,6771";"3,4120"
"39,7000";"0,6788";"3,4171"
"39,8000";"0,6805";"3,4244"
"39,9000";"0,6822";"3,4294"
"40,0000";"0,6838";"3,4349"
"40,1000";"0,6855";"3,4417"
"40,2000";"0,6871";"3,4464"
"40,3000";"0,6887";"3,4524"
"40,4000";"0,6904";"3,4586"
"40,5000";"0,6922";"3,4654"
"40,6000";"0,6939";"3,4715"
"40,7000";"0,6955";"3,4765"
"40,8000";"0,6972";"3,4823"
"40,9000";"0,6987";"3,4867"
"41,0000";"0,7004";"3,4925"
"41,1000";"0,7022";"3,5004"
"41,2000";"0,7039";"3,5065"
"41,3000";"0,7055";"3,5118"
"41,4000";"0,7072";"3,5182"
"41,5000";"0,7087";"3,5217"
"41,6000";"0,7103";"3,5280"
"41,7000";"0,7122";"3,5352"
"41,8000";"0,7139";"3,5412"
"41,9000";"0,7155";"3,5462"
"42,0000";"0,7172";"3,5510"
"42,1000";"0,7188";"3,5580"
"42,2000";"0,7204";"3,5621"
"42,3000";"0,7221";"3,5687"
"42,4000";"0,7238";"3,5754"
"42,5000";"0,7255";"3,5801"
"42,6000";"0,7272";"3,5862"
"42,7000";"0,7288";"3,5917"
"42,8000";"0,7304";"3,5955"
"42,9000";"0,7320";"3,6016"
"43,0000";"0,7338";"3,6092"
"43,1000";"0,7355";"3,6155"
"43,2000";"0,7372";"3,6214"
"43,3000";"0,7389";"3,6268"
"43,4000";"0,7405";"3,6319"
"43,5000";"0,7420";"3,6374"
"43,6000";"0,7437";"3,6435"
"43,7000";"0,7456";"3,6510"
"43,8000";"0,7472";"3,6571"
"43,9000";"0,7488";"3,6621"
"44,0000";"0,7505";"3,6675"
"44,1000";"0,7521";"3,6719"
"44,2000";"0,7537";"3,6779"
"44,3000";"0,7555";"3,6867"
"44,4000";"0,7572";"3,6916"
"44,5000";"0,7588";"3,6967"
"44,6000";"0,7605";"3,7022"
"44,7000";"0,7621";"3,7079"
"44,8000";"0,7637";"3,7141"
"44,9000";"0,7654";"3,7212"
"45,0000";"0,7672";"3,7275"
"45,1000";"0,7689";"3,7334"
"45,2000";"0,7705";"3,7386"
"45,3000";"0,7722";"3,7438"
"45,4000";"0,7738";"3,7485"
"45,5000";"0,7754";"3,7534"
"45,6000";"0,7771";"3,7624"
"45,7000";"0,7789";"3,7694"
"45,8000";"0,7805";"3,7751"
"45,9000";"0,7822";"3,7806"
"46,0000";"0,7838";"3,7859"
"46,1000";"0,7853";"3,7900"
"46,2000";"0,7871";"3,7978"
"46,3000";"0,7889";"3,8050"
"46,4000";"0,7905";"3,8093"
"46,5000";"0,7922";"3,8158"
"46,6000";"0,7938";"3,8226"
"46,7000";"0,7954";"3,8267"
"46,8000";"0,7971";"3,8329"
"46,9000";"0,7989";"3,8404"
"47,0000";"0,8005";"3,8457"
"47,1000";"0,8021";"3,8508"
"47,2000";"0,8038";"3,8571"
"47,3000";"0,8054";"3,8624"
"47,4000";"0,8070";"3,8691"
"47,5000";"0,8088";"3,8767"
"47,6000";"0,8105";"3,8835"
"47,7000";"0,8122";"3,8893"
"47,8000";"0,8139";"3,8954"
"47,9000";"0,8155";"3,9006"
"48,0000";"0,8171";"3,9057"
"48,1000";"0,8187";"3,9117"
"48,2000";"0,8205";"3,9199"
"48,3000";"0,8222";"3,9261"
"48,4000";"0,8238";"3,9314"
"48,5000";"0,8255";"3,9376"
"48,6000";"0,8271";"3,9423"
"48,7000";"0,8287";"3,9476"
"48,8000";"0,8304";"3,9563"
"48,9000";"0,8322";"3,9638"
"49,0000";"0,8339";"3,9694"
"49,1000";"0,8355";"3,9750"
"49,2000";"0,8372";"3,9804"
"49,3000";"0,8387";"3,9853"
"49,4000";"0,8404";"3,9917"
"49,5000";"0,8422";"4,0001"
"49,6000";"0,8439";"4,0059"
"49,7000";"0,8455";"4,0119"
"49,8000";"0,8472";"4,0194"
"49,9000";"0,8488";"4,0237"
"50,0000";"0,8504";"4,0291"
"50,1000";"0,8521";"4,0361"
"50,2000";"0,8538";"4,0428"
"50,3000";"0,8555";"4,0488"
"50,4000";"0,8571";"4,0548"
"50,5000";"0,8588";"4,0619"
"50,6000";"0,8604";"4,0669"
"50,7000";"0,8621";"4,0733"
"50,8000";"0,8639";"4,0819"
"50,9000";"0,8655";"4,0870"
"51,0000";"0,8672";"4,0925"
"51,1000";"0,8689";"4,0987"
"51,2000";"0,8704";"4,1032"
"51,3000";"0,8720";"4,1098"
"51,4000";"0,8738";"4,1178"
"51,5000";"0,8755";"4,1246"
"51,6000";"0,8772";"4,1310"
"51,7000";"0,8788";"4,1371"
"51,8000";"0,8805";"4,1427"
"51,9000";"0,8820";"4,1477"
"52,0000";"0,8838";"4,1549"
"52,1000";"0,8855";"4,1632"
"52,2000";"0,8872";"4,1683"
"52,3000";"0,8888";"4,1752"
"52,4000";"0,8905";"4,1819"
"52,5000";"0,8921";"4,1868"
"52,6000";"0,8937";"4,1925"
"52,7000";"0,8955";"4,1995"
"52,8000";"0,8972";"4,2060"
"52,9000";"0,8988";"4,2131"
"53,0000";"0,9005";"4,2193"
"53,1000";"0,9022";"4,2257"
"53,2000";"0,9037";"4,2310"
"53,3000";"0,9054";"4,2377"
"53,4000";"0,9072";"4,2462"
"53,5000";"0,9089";"4,2519"
"53,6000";"0,9105";"4,2581"
"53,7000";"0,9122";"4,2645"
"53,8000";"0,9138";"4,2697"
"53,9000";"0,9154";"4,2752"
"54,0000";"0,9172";"4,2844"
"54,1000";"0,9189";"4,2896"
"54,2000";"0,9205";"4,2953"
"54,3000";"0,9221";"4,3023"
"54,4000";"0,9237";"4,3075"
"54,5000";"0,9253";"4,3136"
"54,6000";"0,9271";"4,3215"
"54,7000";"0,9289";"4,3295"
"54,8000";"0,9305";"4,3353"
"54,9000";"0,9322";"4,3416"
"55,0000";"0,9339";"4,3472"
"55,1000";"0,9354";"4,3523"
"55,2000";"0,9371";"4,3585"
"55,3000";"0,9388";"4,3667"
"55,4000";"0,9405";"4,3735"
"55,5000";"0,9422";"4,3806"
"55,6000";"0,9439";"4,3866"
"55,7000";"0,9455";"4,3922"
"55,8000";"0,9470";"4,3977"
"55,9000";"0,9487";"4,4050"
"56,0000";"0,9505";"4,4122"
"56,1000";"0,9522";"4,4187"
"56,2000";"0,9538";"4,4248"
"56,3000";"0,9555";"4,4317"
"56,4000";"0,9571";"4,4369"
"56,5000";"0,9587";"4,4445"
"56,6000";"0,9605";"4,4518"
"56,7000";"0,9622";"4,4588"
"56,8000";"0,9638";"4,4642"
"56,9000";"0,9655";"4,4706"
"57,0000";"0,9671";"4,4767"
"57,1000";"0,9687";"4,4831"
"57,2000";"0,9705";"4,4908"
"57,3000";"0,9722";"4,4980"
"57,4000";"0,9738";"4,5038"
"57,5000";"0,9755";"4,5108"
"57,6000";"0,9771";"4,5168"
"57,7000";"0,9787";"4,5235"
"57,8000";"0,9804";"4,5293"
"57,9000";"0,9822";"4,5379"
"58,0000";"0,9839";"4,5445"
"58,1000";"0,9856";"4,5501"
"58,2000";"0,9872";"4,5568"
"58,3000";"0,9888";"4,5617"
"58,4000";"0,9904";"4,5679"
"58,5000";"0,9921";"4,5761"
"58,6000";"0,9938";"4,5834"
"58,7000";"0,9955";"4,5909"
"58,8000";"0,9972";"4,5970"
"58,9000";"0,9988";"4,6019"
"59,0000";"1,0003";"4,6072"
"59,1000";"1,0021";"4,6164"
"59,2000";"1,0039";"4,6244"
"59,3000";"1,0055";"4,6297"
"59,4000";"1,0072";"4,6360"
"59,5000";"1,0088";"4,6427"
"59,6000";"1,0104";"4,6470"
"59,7000";"1,0121";"4,6545"
"59,8000";"1,0138";"4,6624"
"59,9000";"1,0155";"4,6686"
"60,0000";"1,0172";"4,6755"
"60,1000";"1,0189";"4,6810"
"60,2000";"1,0205";"4,6871"
"60,3000";"1,0220";"4,6924"
"60,4000";"1,0237";"4,7002"
"60,5000";"1,0255";"4,7082"
"60,6000";"1,0272";"4,7147"
"60,7000";"1,0289";"4,7207"
"60,8000";"1,0305";"4,7263"
"60,9000";"1,0321";"4,7319"
"61,0000";"1,0337";"4,7381"
"61,1000";"1,0355";"4,7472"
"61,2000";"1,0372";"4,7543"
"61,3000";"1,0388";"4,7599"
"61,4000";"1,0405";"4,7658"
"61,5000";"1,0420";"4,7712"
"61,6000";"1,0436";"4,7779"
"61,7000";"1,0454";"4,7861"
"61,8000";"1,0472";"4,7941"
"61,9000";"1,0488";"4,8001"
"62,0000";"1,0505";"4,8063"
"62,1000";"1,0522";"4,8131"
"62,2000";"1,0538";"4,8192"
"62,3000";"1,0554";"4,8252"
"62,4000";"1,0572";"4,8329"
"62,5000";"1,0589";"4,8393"
"62,6000";"1,0605";"4,8455"
"62,7000";"1,0622";"4,8523"
"62,8000";"1,0638";"4,8580"
"62,9000";"1,0654";"4,8633"
"63,0000";"1,0671";"4,8705"
"63,1000";"1,0688";"4,8785"
"63,2000";"1,0705";"4,8854"
"63,3000";"1,0722";"4,8913"
"63,4000";"1,0739";"4,8974"
"63,5000";"1,0754";"4,9028"
"63,6000";"1,0771";"4,9094"
"63,7000";"1,0789";"4,9187"
"63,8000";"1,0806";"4,9252"
"63,9000";"1,0822";"4,9300"
"64,0000";"1,0838";"4,9368"
"64,1000";"1,0854";"4,9421"
"64,2000";"1,0870";"4,9479"
"64,3000";"1,0888";"4,9572"
"64,4000";"1,0906";"4,9652"
"64,5000";"1,0922";"4,9712"
"64,6000";"1,0938";"4,9772"
"64,7000";"1,0955";"4,9842"
"64,8000";"1,0971";"4,9896"
"64,9000";"1,0987";"4,9958"
"65,0000";"1,1005";"5,0049"
"65,1000";"1,1022";"5,0120"
"65,2000";"1,1039";"5,0185"
"65,3000";"1,1055";"5,0254"
"65,4000";"1,1071";"5,0310"
"65,5000";"1,1087";"5,0366"
"65,6000";"1,1104";"5,0444"
"65,7000";"1,1121";"5,0518"
"65,8000";"1,1138";"5,0583"
"65,9000";"1,1155";"5,0660"
"66,0000";"1,1171";"5,0726"
"66,1000";"1,1187";"5,0774"
"66,2000";"1,1204";"5,0850"
"66,3000";"1,1222";"5,0935"
"66,4000";"1,1239";"5,1001"
"66,5000";"1,1255";"5,1064"
"66,6000";"1,1272";"5,1126"
"66,7000";"1,1287";"5,1182"
"66,8000";"1,1304";"5,1259"
"66,9000";"1,1322";"5,1337"
"67,0000";"1,1339";"5,1414"
"67,1000";"1,1355";"5,1466"
"67,2000";"1,1371";"5,1532"
"67,3000";"1,1388";"5,1597"
"67,4000";"1,1404";"5,1651"
"67,5000";"1,1421";"5,1743"
"67,6000";"1,1438";"5,1821"
"67,7000";"1,1455";"5,1894"
"67,8000";"1,1472";"5,1954"
"67,9000";"1,1489";"5,2029"
"68,0000";"1,1504";"5,2077"
"68,1000";"1,1520";"5,2133"
"68,2000";"1,1538";"5,2223"
"68,3000";"1,1556";"5,2303"
"68,4000";"1,1572";"5,2363"
"68,5000";"1,1588";"5,2426"
"68,6000";"1,1605";"5,2496"
"68,7000";"1,1620";"5,2548"
"68,8000";"1,1638";"5,2634"
"68,9000";"1,1655";"5,2710"
"69,0000";"1,1672";"5,2775"
"69,1000";"1,1688";"5,2845"
"69,2000";"1,1705";"5,2910"
"69,3000";"1,1721";"5,2962"
"69,4000";"1,1737";"5,3030"
"69,5000";"1,1755";"5,3125"
"69,6000";"1,1772";"5,3192"
"69,7000";"1,1788";"5,3257"
"69,8000";"1,1805";"5,3334"
"69,9000";"1,1822";"5,3390"
"70,0000";"1,1837";"5,3450"
"70,1000";"1,1854";"5,3519"
"70,2000";"1,1871";"5,3598"
"70,3000";"1,1888";"5,3664"
"70,4000";"1,1905";"5,3730"
"70,5000";"1,1922";"5,3807"
"70,6000";"1,1937";"5,3863"
"70,7000";"1,1954";"5,3931"
"70,8000";"1,1972";"5,4020"
"70,9000";"1,1989";"5,4095"
"71,0000";"1,2005";"5,4153"
"71,1000";"1,2022";"5,4221"
"71,2000";"1,2038";"5,4278"
"71,3000";"1,2054";"5,4336"
"71,4000";"1,2071";"5,4414"
"71,5000";"1,2089";"5,4496"
"71,6000";"1,2105";"5,4571"
"71,7000";"1,2121";"5,4629"
"71,8000";"1,2138";"5,4694"
"71,9000";"1,2154";"5,4764"
"72,0000";"1,2171";"5,4836"
"72,1000";"1,2189";"5,4922"
"72,2000";"1,2205";"5,4980"
"72,3000";"1,2222";"5,5043"
"72,4000";"1,2239";"5,5117"
"72,5000";"1,2255";"5,5189"
"72,6000";"1,2271";"5,5253"
"72,7000";"1,2288";"5,5340"
"72,8000";"1,2305";"5,5414"
"72,9000";"1,2322";"5,5481"
"73,0000";"1,2339";"5,5550"
"73,1000";"1,2355";"5,5617"
"73,2000";"1,2371";"5,5665"
"73,3000";"1,2387";"5,5738"
"73,4000";"1,2405";"5,5830"
"73,5000";"1,2422";"5,5906"
"73,6000";"1,2439";"5,5963"
"73,7000";"1,2455";"5,6036"
"73,8000";"1,2471";"5,6088"
"73,9000";"1,2487";"5,6156"
"74,0000";"1,2505";"5,6247"
"74,1000";"1,2522";"5,6308"
"74,2000";"1,2539";"5,6364"
"74,3000";"1,2555";"5,6432"
"74,4000";"1,2571";"5,6505"
"74,5000";"1,2587";"5,6565"
"74,6000";"1,2604";"5,6653"
"74,7000";"1,2622";"5,6745"
"74,8000";"1,2639";"5,6805"
"74,9000";"1,2655";"5,6871"
"75,0000";"1,2672";"5,6940"
"75,1000";"1,2688";"5,6993"
"75,2000";"1,2704";"5,7062"
"75,3000";"1,2721";"5,7154"
"75,4000";"1,2738";"5,7226"
"75,5000";"1,2755";"5,7300"
"75,6000";"1,2772";"5,7358"
"75,7000";"1,2788";"5,7425"
"75,8000";"1,2803";"5,7472"
"75,9000";"1,2821";"5,7554"
"76,0000";"1,2838";"5,7641"
"76,1000";"1,2855";"5,7707"
"76,2000";"1,2872";"5,7778"
"76,3000";"1,2888";"5,7855"
"76,4000";"1,2904";"5,7904"
"76,5000";"1,2920";"5,7979"
"76,6000";"1,2939";"5,8063"
"76,7000";"1,2955";"5,8134"
"76,8000";"1,2972";"5,8194"
"76,9000";"1,2988";"5,8267"
"77,0000";"1,3005";"5,8334"
"77,1000";"1,3020";"5,8390"
"77,2000";"1,3038";"5,8484"
"77,3000";"1,3055";"5,8552"
"77,4000";"1,3072";"5,8626"
"77,5000";"1,3089";"5,8692"
"77,6000";"1,3105";"5,8757"
"77,7000";"1,3121";"5,8817"
"77,8000";"1,3137";"5,8884"
"77,9000";"1,3155";"5,8978"
"78,0000";"1,3172";"5,9050"
"78,1000";"1,3189";"5,9125"
"78,2000";"1,3205";"5,9191"
"78,3000";"1,3221";"5,9244"
"78,4000";"1,3237";"5,9306"
"78,5000";"1,3254";"5,9379"
"78,6000";"1,3272";"5,9469"
"78,7000";"1,3289";"5,9539"
"78,8000";"1,3305";"5,9608"
"78,9000";"1,3321";"5,9671"
"79,0000";"1,3337";"5,9733"
"79,1000";"1,3354";"5,9806"
"79,2000";"1,3372";"5,9905"
"79,3000";"1,3389";"5,9968"
"79,4000";"1,3405";"6,0029"
"79,5000";"1,3422";"6,0103"
"79,6000";"1,3438";"6,0165"
"79,7000";"1,3454";"6,0229"
"79,8000";"1,3471";"6,0312"
"79,9000";"1,3489";"6,0391"
"80,0000";"1,3505";"6,0449"
"80,1000";"1,3522";"6,0523"
"80,2000";"1,3538";"6,0592"
"80,3000";"1,3553";"6,0651"
"80,4000";"1,3570";"6,0732"
"80,5000";"1,3588";"6,0819"
"80,6000";"1,3605";"6,0884"
"80,7000";"1,3622";"6,0957"
"80,8000";"1,3638";"6,1019"
"80,9000";"1,3654";"6,1077"
"81,0000";"1,3670";"6,1147"
"81,1000";"1,3688";"6,1249"
"81,2000";"1,3705";"6,1323"
"81,3000";"1,3722";"6,1382"
"81,4000";"1,3738";"6,1453"
"81,5000";"1,3754";"6,1511"
"81,6000";"1,3770";"6,1564"
"81,7000";"1,3787";"6,1660"
"81,8000";"1,3806";"6,1745"
"81,9000";"1,3822";"6,1817"
"82,0000";"1,3838";"6,1878"
"82,1000";"1,3855";"6,1953"
"82,2000";"1,3871";"6,2019"
"82,3000";"1,3887";"6,2078"
"82,4000";"1,3905";"6,2170"
"82,5000";"1,3922";"6,2238"
"82,6000";"1,3939";"6,2313"
"82,7000";"1,3955";"6,2375"
"82,8000";"1,3971";"6,2444"
"82,9000";"1,3987";"6,2508"
"83,0000";"1,4004";"6,2587"
"83,1000";"1,4021";"6,2664"
"83,2000";"1,4038";"6,2740"
"83,3000";"1,4055";"6,2806"
"83,4000";"1,4072";"6,2875"
"83,5000";"1,4087";"6,2941"
"83,6000";"1,4104";"6,3017"
"83,7000";"1,4122";"6,3112"
"83,8000";"1,4139";"6,3177"
"83,9000";"1,4155";"6,3247"
"84,0000";"1,4172";"6,3313"
"84,1000";"1,4188";"6,3376"
"84,2000";"1,4204";"6,3434"
"84,3000";"1,4221";"6,3520"
"84,4000";"1,4238";"6,3605"
"84,5000";"1,4255";"6,3678"
"84,6000";"1,4271";"6,3742"
"84,7000";"1,4288";"6,3812"
"84,8000";"1,4303";"6,3872"
"84,9000";"1,4321";"6,3956"
"85,0000";"1,4338";"6,4037"
"85,1000";"1,4355";"6,4108"
"85,2000";"1,4372";"6,4175"
"85,3000";"1,4389";"6,4255"
"85,4000";"1,4405";"6,4312"
"85,5000";"1,4420";"6,4378"
"85,6000";"1,4438";"6,4459"
"85,7000";"1,4455";"6,4550"
"85,8000";"1,4472";"6,4619"
"85,9000";"1,4488";"6,4689"
"86,0000";"1,4505";"6,4750"
"86,1000";"1,4520";"6,4804"
"86,2000";"1,4537";"6,4886"
"86,3000";"1,4555";"6,4977"
"86,4000";"1,4572";"6,5049"
"86,5000";"1,4589";"6,5126"
"86,6000";"1,4605";"6,5192"
"86,7000";"1,4621";"6,5254"
"86,8000";"1,4637";"6,5323"
"86,9000";"1,4655";"6,5407"
"87,0000";"1,4672";"6,5486"
"87,1000";"1,4688";"6,5541"
"87,2000";"1,4705";"6,5610"
"87,3000";"1,4722";"6,5690"
"87,4000";"1,4737";"6,5750"
"87,5000";"1,4754";"6,5832"
"87,6000";"1,4771";"6,5914"
"87,7000";"1,4788";"6,5986"
"87,8000";"1,4805";"6,6057"
"87,9000";"1,4822";"6,6131"
"88,0000";"1,4838";"6,6199"
"88,1000";"1,4854";"6,6259"
"88,2000";"1,4871";"6,6349"
"88,3000";"1,4889";"6,6428"
"88,4000";"1,4905";"6,6499"
"88,5000";"1,4922";"6,6562"
"88,6000";"1,4938";"6,6637"
"88,7000";"1,4954";"6,6694"
"88,8000";"1,4971";"6,6776"
"88,9000";"1,4989";"6,6875"
"89,0000";"1,5005";"6,6952"
"89,1000";"1,5022";"6,7004"
"89,2000";"1,5038";"6,7072"
"89,3000";"1,5054";"6,7130"
"89,4000";"1,5071";"6,7209"
"89,5000";"1,5088";"6,7307"
"89,6000";"1,5105";"6,7379"
"89,7000";"1,5122";"6,7452"
"89,8000";"1,5139";"6,7522"
"89,9000";"1,5155";"6,7580"
"90,0000";"1,5170";"6,7645"
"90,1000";"1,5188";"6,7725"
"90,2000";"1,5205";"6,7798"
"90,3000";"1,5221";"6,7872"
"90,4000";"1,5238";"6,7952"
"90,5000";"1,5255";"6,8033"
"90,6000";"1,5271";"6,8090"
"90,7000";"1,5287";"6,8160"
"90,8000";"1,5305";"6,8247"
"90,9000";"1,5322";"6,8322"
"91,0000";"1,5338";"6,8385"
"91,1000";"1,5355";"6,8453"
"91,2000";"1,5371";"6,8509"
"91,3000";"1,5387";"6,8586"
"91,4000";"1,5405";"6,8678"
"91,5000";"1,5422";"6,8759"
"91,6000";"1,5439";"6,8825"
"91,7000";"1,5455";"6,8890"
"91,8000";"1,5471";"6,8952"
"91,9000";"1,5487";"6,9014"
"92,0000";"1,5504";"6,9093"
"92,1000";"1,5522";"6,9192"
"92,2000";"1,5539";"6,9254"
"92,3000";"1,5555";"6,9324"
"92,4000";"1,5572";"6,9397"
"92,5000";"1,5588";"6,9456"
"92,6000";"1,5604";"6,9525"
"92,7000";"1,5621";"6,9605"
"92,8000";"1,5638";"6,9671"
"92,9000";"1,5655";"6,9756"
"93,0000";"1,5672";"6,9826"
"93,1000";"1,5688";"6,9896"
"93,2000";"1,5703";"6,9951"
"93,3000";"1,5720";"7,0040"
"93,4000";"1,5739";"7,0134"
"93,5000";"1,5755";"7,0206"
"93,6000";"1,5772";"7,0267"
"93,7000";"1,5788";"7,0336"
"93,8000";"1,5804";"7,0392"
"93,9000";"1,5820";"7,0458"
"94,0000";"1,5839";"7,0560"
"94,1000";"1,5856";"7,0641"
"94,2000";"1,5872";"7,0703"
"94,3000";"1,5888";"7,0767"
"94,4000";"1,5904";"7,0828"
"94,5000";"1,5920";"7,0890"
"94,6000";"1,5938";"7,0972"
"94,7000";"1,5955";"7,1056"
"94,8000";"1,5972";"7,1128"
"94,9000";"1,5989";"7,1211"
"95,0000";"1,6005";"7,1281"
"95,1000";"1,6021";"7,1339"
"95,2000";"1,6037";"7,1408"
"95,3000";"1,6055";"7,1498"
"95,4000";"1,6071";"7,1556"
"95,5000";"1,6089";"7,1638"
"95,6000";"1,6105";"7,1705"
"95,7000";"1,6121";"7,1769"
"95,8000";"1,6137";"7,1834"
"95,9000";"1,6154";"7,1919"
"96,0000";"1,6172";"7,2014"
"96,1000";"1,6189";"7,2080"
"96,2000";"1,6205";"7,2147"
"96,3000";"1,6221";"7,2208"
"96,4000";"1,6237";"7,2267"
"96,5000";"1,6254";"7,2348"
"96,6000";"1,6272";"7,2448"
"96,7000";"1,6289";"7,2514"
"96,8000";"1,6305";"7,2575"
"96,9000";"1,6322";"7,2641"
"97,0000";"1,6338";"7,2712"
"97,1000";"1,6354";"7,2775"
"97,2000";"1,6371";"7,2860"
"97,3000";"1,6388";"7,2943"
"97,4000";"1,6405";"7,3009"
"97,5000";"1,6422";"7,3080"
"97,6000";"1,6438";"7,3157"
"97,7000";"1,6454";"7,3206"
"97,8000";"1,6470";"7,3281"
"97,9000";"1,6488";"7,3373"
"98,0000";"1,6506";"7,3451"
"98,1000";"1,6522";"7,3521"
"98,2000";"1,6539";"7,3590"
"98,3000";"1,6554";"7,3663"
"98,4000";"1,6570";"7,3712"
"98,5000";"1,6588";"7,3804"
"98,6000";"1,6606";"7,3891"
"98,7000";"1,6622";"7,3951"
"98,8000";"1,6638";"7,4009"
"98,9000";"1,6654";"7,4089"
"99,0000";"1,6670";"7,4133"
"99,1000";"1,6687";"7,4233"
"99,2000";"1,6706";"7,4328"
"99,3000";"1,6722";"7,4393"
"99,4000";"1,6738";"7,4451"
"99,5000";"1,6755";"7,4521"
"99,6000";"1,6771";"7,4583"
"99,7000";"1,6787";"7,4650"
"99,8000";"1,6805";"7,4739"
"99,9000";"1,6822";"7,4821"
"100,0000";"1,6839";"7,4896"
"100,1000";"1,6855";"7,4961"
"100,2000";"1,6872";"7,5034"
"100,3000";"1,6887";"7,5090"
"100,4000";"1,6904";"7,5166"
"100,5000";"1,6922";"7,5248"
"100,6000";"1,6939";"7,5329"
"100,7000";"1,6955";"7,5402"
"100,8000";"1,6972";"7,5475"
"100,9000";"1,6987";"7,5539"
"101,0000";"1,7004";"7,5604"
"101,1000";"1,7022";"7,5694"
"101,2000";"1,7039";"7,5774"
"101,3000";"1,7055";"7,5833"
"101,4000";"1,7072";"7,5908"
"101,5000";"1,7088";"7,5963"
"101,6000";"1,7103";"7,6024"
"101,7000";"1,7121";"7,6118"
"101,8000";"1,7139";"7,6210"
"101,9000";"1,7155";"7,6282"
"102,0000";"1,7172";"7,6349"
"102,1000";"1,7188";"7,6424"
"102,2000";"1,7204";"7,6482"
"102,3000";"1,7221";"7,6551"
"102,4000";"1,7238";"7,6639"
"102,5000";"1,7255";"7,6715"
"102,6000";"1,7272";"7,6783"
"102,7000";"1,7289";"7,6857"
"102,8000";"1,7305";"7,6922"
"102,9000";"1,7320";"7,6979"
"103,0000";"1,7337";"7,7058"
"103,1000";"1,7355";"7,7150"
"103,2000";"1,7372";"7,7234"
"103,3000";"1,7388";"7,7297"
"103,4000";"1,7405";"7,7371"
"103,5000";"1,7421";"7,7425"
"103,6000";"1,7437";"7,7498"
"103,7000";"1,7455";"7,7590"
"103,8000";"1,7472";"7,7666"
"103,9000";"1,7489";"7,7735"
"104,0000";"1,7505";"7,7810"
"104,1000";"1,7521";"7,7872"
"104,2000";"1,7537";"7,7939"
"104,3000";"1,7554";"7,8016"
"104,4000";"1,7572";"7,8101"
"104,5000";"1,7588";"7,8165"
"104,6000";"1,7605";"7,8239"
"104,7000";"1,7622";"7,8320"
"104,8000";"1,7637";"7,8383"
"104,9000";"1,7654";"7,8459"
"105,0000";"1,7671";"7,8555"
"105,1000";"1,7688";"7,8623"
"105,2000";"1,7705";"7,8694"
"105,3000";"1,7722";"7,8770"
"105,4000";"1,7738";"7,8825"
"105,5000";"1,7754";"7,8883"
"105,6000";"1,7771";"7,8970"
"105,7000";"1,7789";"7,9056"
"105,8000";"1,7805";"7,9128"
"105,9000";"1,7822";"7,9191"
"106,0000";"1,7838";"7,9262"
"106,1000";"1,7853";"7,9319"
"106,2000";"1,7870";"7,9406"
"106,3000";"1,7889";"7,9493"
"106,4000";"1,7905";"7,9555"
"106,5000";"1,7922";"7,9625"
"106,6000";"1,7938";"7,9701"
"106,7000";"1,7954";"7,9762"
"106,8000";"1,7971";"7,9833"
"106,9000";"1,7988";"7,9917"
"107,0000";"1,8005";"7,9993"
"107,1000";"1,8022";"8,0074"
"107,2000";"1,8038";"8,0139"
"107,3000";"1,8055";"8,0199"
"107,4000";"1,8070";"8,0262"
"107,5000";"1,8087";"8,0335"
"107,6000";"1,8105";"8,0426"
"107,7000";"1,8121";"8,0498"
"107,8000";"1,8138";"8,0579"
"107,9000";"1,8155";"8,0654"
"108,0000";"1,8171";"8,0706"
"108,1000";"1,8187";"8,0767"
"108,2000";"1,8205";"8,0853"
"108,3000";"1,8222";"8,0936"
"108,4000";"1,8239";"8,0998"
"108,5000";"1,8255";"8,1070"
"108,6000";"1,8271";"8,1133"
"108,7000";"1,8287";"8,1200"
"108,8000";"1,8304";"8,1288"
"108,9000";"1,8322";"8,1384"
"109,0000";"1,8339";"8,1446"
"109,1000";"1,8355";"8,1507"
"109,2000";"1,8371";"8,1574"
"109,3000";"1,8387";"8,1640"
"109,4000";"1,8404";"8,1713"
"109,5000";"1,8422";"8,1808"
"109,6000";"1,8438";"8,1882"
"109,7000";"1,8455";"8,1947"
"109,8000";"1,8472";"8,2018"
"109,9000";"1,8488";"8,2066"
"110,0000";"1,8504";"8,2132"
"110,1000";"1,8521";"8,2217"
"110,2000";"1,8538";"8,2302"
"110,3000";"1,8555";"8,2363"
"110,4000";"1,8572";"8,2435"
"110,5000";"1,8588";"8,2498"
"110,6000";"1,8604";"8,2545"
"110,7000";"1,8620";"8,2608"
"110,8000";"1,8638";"8,2704"
"110,9000";"1,8655";"8,2782"
"111,0000";"1,8672";"8,2848"
"111,1000";"1,8689";"8,2928"
"111,2000";"1,8704";"8,2976"
"111,3000";"1,8720";"8,3039"
"111,4000";"1,8738";"8,3127"
"111,5000";"1,8755";"8,3209"
"111,6000";"1,8772";"8,3267"
"111,7000";"1,8788";"8,3334"
"111,8000";"1,8804";"8,3397"
"111,9000";"1,8820";"8,3458"
"112,0000";"1,8837";"8,3541"
"112,1000";"1,8855";"8,3633"
"112,2000";"1,8872";"8,3694"
"112,3000";"1,8889";"8,3769"
"112,4000";"1,8905";"8,3844"
"112,5000";"1,8921";"8,3893"
"112,6000";"1,8937";"8,3960"
"112,7000";"1,8954";"8,4044"
"112,8000";"1,8971";"8,4113"
"112,9000";"1,8989";"8,4191"
"113,0000";"1,9005";"8,4252"
"113,1000";"1,9021";"8,4317"
"113,2000";"1,9037";"8,4372"
"113,3000";"1,9054";"8,4458"
"113,4000";"1,9072";"8,4555"
"113,5000";"1,9089";"8,4622"
"113,6000";"1,9105";"8,4684"
"113,7000";"1,9122";"8,4756"
"113,8000";"1,9138";"8,4812"
"113,9000";"1,9154";"8,4871"
"114,0000";"1,9172";"8,4960"
"114,1000";"1,9189";"8,5044"
"114,2000";"1,9205";"8,5111"
"114,3000";"1,9222";"8,5171"
"114,4000";"1,9238";"8,5235"
"114,5000";"1,9254";"8,5302"
"114,6000";"1,9270";"8,5369"
"114,7000";"1,9288";"8,5462"
"114,8000";"1,9305";"8,5526"
"114,9000";"1,9322";"8,5597"
"115,0000";"1,9338";"8,5676"
"115,1000";"1,9354";"8,5728"
"115,2000";"1,9370";"8,5792"
"115,3000";"1,9388";"8,5886"
"115,4000";"1,9406";"8,5963"
"115,5000";"1,9422";"8,6026"
"115,6000";"1,9438";"8,6079"
"115,7000";"1,9455";"8,6153"
"115,8000";"1,9470";"8,6193"
"115,9000";"1,9487";"8,6286"
"116,0000";"1,9505";"8,6373"
"116,1000";"1,9522";"8,6444"
"116,2000";"1,9538";"8,6507"
"116,3000";"1,9555";"8,6571"
"116,4000";"1,9570";"8,6623"
"116,5000";"1,9587";"8,6683"
"116,6000";"1,9605";"8,6774"
"116,7000";"1,9622";"8,6845"
"116,8000";"1,9638";"8,6903"
"116,9000";"1,9655";"8,6970"
"117,0000";"1,9672";"8,7033"
"117,1000";"1,9688";"8,7073"
"117,2000";"1,9704";"8,7137"
"117,3000";"1,9722";"8,7213"
"117,4000";"1,9738";"8,7258"
"117,5000";"1,9755";"8,7317"
"117,6000";"1,9772";"8,7382"
"117,7000";"1,9788";"8,7430"
"117,8000";"1,9804";"8,7484"
"117,9000";"1,9821";"8,7556"
"118,0000";"1,9839";"8,7610"
"118,1000";"1,9855";"8,7646"
"118,2000";"1,9872";"8,7679"
"118,3000";"1,9888";"8,7699"
"118,4000";"1,9904";"8,7713"
"118,5000";"1,9921";"8,7758"
"118,6000";"1,9939";"8,7808"
"118,7000";"1,9955";"8,7712"
"118,8000";"1,9972";"8,7687"
"118,9000";"1,9988";"8,7629"
"119,0000";"2,0003";"8,7547"
"119,1000";"2,0021";"8,7554"
"119,2000";"2,0038";"8,7619"
"119,3000";"2,0055";"8,7577"
"119,4000";"2,0072";"8,7564"
"119,5000";"2,0089";"8,7599"
"119,6000";"2,0105";"8,7630"
"119,7000";"2,0121";"8,7666"
"119,8000";"2,0138";"8,7718"
"119,9000";"2,0155";"8,7719"
"120,0000";"2,0172";"8,7725"
"120,1000";"2,0188";"8,7727"
"120,2000";"2,0205";"8,7746"
"120,3000";"2,0220";"8,7664"
"120,4000";"2,0237";"8,7625"
"120,5000";"2,0255";"8,7617"
"120,6000";"2,0272";"8,7569"
"120,7000";"2,0289";"8,7324"
"120,8000";"2,0305";"8,7041"
"120,9000";"2,0321";"8,6883"
"121,0000";"2,0337";"8,6693"
"121,1000";"2,0357";"1,8050"
"121,1060";"2,0359";"0,7888"
